90.3671875,46.99698645,0.598654819,0.939849408,5.459866221,26.81160386,5.570131987,33.10949221
142.7265625,50.05570566,-0.349645884,0.041362283,1.091973244,13.34867758,13.59930421,201.2138397
113.03125,44.20476811,0.682988772,0.992208301,2.211538462,14.77567718,9.950738132,123.9035808
134.9609375,58.11241831,-0.016642512,-0.415690419,4.735785953,24.65352737,6.325710117,43.99398293
103.296875,50.21506238,0.087186106,-0.070587147,1.904682274,14.19180406,11.08642563,147.3403013
129.4765625,47.79823559,0.059915959,0.096626627,3.905518395,20.20510059,6.653286861,53.66381707
97.109375,45.69946567,0.592627924,0.939486993,5.673076923,24.48279672,5.22440789,30.59883234
150,52.63049259,-0.222252435,-0.461793672,2.411371237,14.66417852,9.353525554,114.144148
138.328125,48.31328579,0.006583939,-0.242764359,8.334448161,38.97383803,4.816874608,22.34940005
138.4921875,60.34497132,-0.133531761,-0.756940198,1.851170569,11.83072881,11.50686746,193.1870132
138.4765625,58.6508425,-0.251328479,-0.632374731,2.656354515,20.02259931,8.482193337,76.95485019
110.296875,49.1830699,0.55600188,0.410597111,2.393812709,13.97380236,9.252200621,116.7518692
116.9609375,47.33481184,0.088199368,-0.049518892,3.570234114,20.31209461,6.922641673,54.69723796
99.125,50.46579906,0.6230989,0.669232513,1.64548495,16.38366523,11.88734253,153.1602005
96.4375,42.65683379,0.588320542,1.246781457,9.024247492,39.44269261,4.460895519,19.11613138
125.3828125,49.38704301,0.161806358,-0.30108458,1.607023411,11.47526426,12.68620902,223.5853785
113.96875,48.35092061,0.42012288,0.399999192,2.258361204,16.67932768,9.003409948,93.73570527
118.8828125,49.75480836,-0.173542791,-0.450153106,2.943979933,17.17788222,8.003090538,77.37943421
114.484375,44.2146724,0.027884059,0.149187376,1.198160535,15.08958854,13.17346116,178.6200991
113.59375,55.7513225,0.283653257,-0.472524479,3.316889632,18.63450828,7.659497063,70.54673659
152.75,41.97543925,-0.469778662,0.948994138,3.719063545,20.03599615,6.768985611,52.14057305
127.9375,48.03705438,0.015857356,0.075513219,3.011705686,20.66049492,8.156494499,72.78830587
120.296875,45.27353659,0.122069871,0.03377811,3.924749164,22.85370859,7.383200796,59.50339613
115.5390625,47.29245816,0.142135595,-0.113365962,1.47826087,12.68305544,12.3239933,188.0080607
81.6015625,44.27935817,0.760394919,1.211753003,2.762541806,15.54733203,7.963526918,84.5723625
102.96875,40.47895624,0.57761122,1.267424821,2.421404682,15.63402547,9.178656963,101.5568455
135.71875,58.18893493,-0.022744198,-0.62606048,7.113712375,32.35748965,5.105006847,26.27603502
78.875,52.10746108,1.359362275,1.989513159,3.743311037,22.59206724,6.747833659,49.52374023
45.09375,28.60955847,4.156460264,26.19820242,34.56521739,67.78224722,1.872009904,2.171717456
105.0859375,51.60078538,0.249607081,-0.107351037,2.117892977,14.78158647,9.996370449,123.3931477
83.359375,34.93760831,0.770642411,3.047239246,1.439799331,15.81722172,12.08712904,152.9470044
109.609375,49.66264856,0.207836672,-0.254627014,1.294314381,12.25251327,12.93015256,204.0134965
130.25,47.61597684,0.185319157,-0.054547811,1.140468227,11.89778096,13.76240028,228.8757119
119.78125,43.37102602,0.356583382,0.514995428,2.765886288,20.19326455,8.48621489,78.98233628
107.8671875,49.49642839,0.252395662,0.007856047,2.22993311,14.59600235,10.70871644,146.8479018
96.53125,35.62169667,0.510013768,2.273396138,1.740802676,12.15093376,11.44176342,184.0322005
78.265625,42.30848105,1.573735534,3.974569639,8.524247492,34.89387035,4.646499866,22.48076807
115.4765625,47.23031416,0.125991278,-0.130416331,88.08862876,88.35155438,0.149566003,-1.766947488
117.359375,44.40205766,0.002822546,0.448794292,1.826086957,13.57944006,11.48735149,164.4442499
85.90625,37.41770919,0.515743858,2.18767011,2.180602007,14.55249378,10.82346945,147.3985372
87.2421875,38.58771382,0.561931793,1.843568379,3.102842809,19.876297,7.452943287,61.92557628
95.03125,38.48456214,0.387463026,1.583800289,2.834448161,15.40461048,7.85754174,83.87005489
133.2734375,48.7859987,0.088611971,-0.290251439,3.063545151,15.48435316,7.465634875,78.12152456
127.765625,47.61917359,0.166927213,-0.208122909,2.29180602,13.64410146,9.26182374,121.4248535
143.0390625,48.14194545,-0.16250436,-0.27623701,4.173076923,22.65546759,7.09699522,55.87663948
119.5703125,52.52345958,0.44397216,-0.215425432,0.860367893,10.80883145,16.73635077,327.0618015
146.5859375,43.39202248,-0.106831429,0.28423767,3.487458194,18.71880486,7.56116133,70.1656949
100.7265625,41.3277137,0.376008737,1.302669733,2.334448161,14.39005779,9.241226196,112.2116906
117.421875,47.3914235,0.273382821,0.309908392,2.366220736,13.30808073,9.327599076,127.5434637
113.78125,42.11756936,0.320790308,0.921923271,3,22.82084507,8.49942367,74.89834001
113.6953125,47.09789648,0.463660224,0.435790481,0.376254181,7.910593931,28.76228013,900.5457011
101.375,34.69352425,0.145436024,2.54110028,1.501672241,11.12031332,13.22063164,245.1523566
126.890625,54.59069781,0.003680461,-0.274938662,4.235785953,24.84994277,7.09898352,54.34457468
103.7734375,43.44864333,0.702910741,1.134779008,1.141304348,12.69678282,13.89242783,218.2930408
88.3828125,39.69810313,0.605808524,1.551891228,2.587792642,18.8068821,8.501898124,78.43766674
131.1171875,55.65583711,-0.12449818,-0.533686621,1.102842809,10.56514867,15.44822208,308.5780288
78.0546875,44.6946775,1.555123382,3.749351741,137.4874582,83.12858644,-0.625662006,-0.92402117
144.03125,46.46839274,0.043281259,0.026995933,3.524247492,18.15822084,7.553620154,69.87855367
108.6953125,47.89222252,0.081897823,-0.227866611,1.97993311,13.26648398,9.966330147,136.1631199
126.1484375,49.97844689,0.098389394,-0.274850658,6.133779264,31.9959053,5.453714485,29.38646455
100.4375,45.79399353,0.326875054,0.574372958,3.132107023,16.43185805,7.381265702,71.22038236
119.6328125,54.85561604,-0.011953591,-0.459562326,2.200668896,13.58879627,10.45956068,145.5047098
117.53125,41.74474845,0.107284435,0.734814701,3.539297659,22.59630362,7.642489983,63.59729757
134.40625,50.15685358,0.079866416,0.033345757,6.665551839,32.42075779,5.661206715,32.73440967
117.625,47.26306036,0.332617191,0.01382897,8.481605351,31.60776273,4.044341157,16.97996514
135.1640625,58.90959405,0.073308007,-0.642090427,4.811036789,29.59827594,7.05009709,50.65739431
118.1015625,58.36520794,0.053808605,-0.736184171,8.278428094,37.21121001,4.633357088,20.67773011
127.3515625,55.67562161,0.221219882,-0.482649869,4.744147157,27.28328578,6.318083062,41.32226048
120.734375,42.21919816,0.455167855,0.738142028,1.512541806,12.03835884,12.25038406,197.0484739
126.296875,49.80451777,-0.068048091,-0.26013297,4.782608696,26.15798858,6.450059756,43.5705242
111.4609375,45.91566698,0.389832847,0.250041674,3.08361204,20.53155738,8.152669738,75.3573346
112.6796875,48.2354145,0.422159311,0.326895271,0.838628763,11.77094147,17.14504886,318.4961582
126.03125,36.21635022,-0.172532917,1.33718146,0.922240803,10.42643317,16.51469129,338.0277439
117.1953125,50.64090161,-0.163590395,-0.393965329,1.907190635,16.17046262,10.54852345,123.7596189
129.953125,46.11023805,0.058844114,-0.050617247,2.094481605,14.75061145,8.902093381,101.0937897
118.21875,47.08120271,0.348441769,0.348062802,2.036789298,11.96784925,11.19070377,184.7984412
136.3359375,50.75035058,-0.171369291,-0.215959051,2.928093645,17.13910762,8.931113336,98.52307355
111.7109375,46.57053661,0.272860629,-0.061646003,2.139632107,16.65571305,9.353872066,97.73376005
119.71875,39.24660365,0.234584275,0.607443272,3.993311037,24.84608046,6.67539984,46.09726076
87.2421875,42.00088282,0.422191748,1.034822541,2.602842809,17.71660857,8.81931303,88.84119931
123.125,50.92657091,0.125678648,-0.399647512,4.884615385,26.3644079,6.246371906,40.98263189
112.7734375,50.21270613,0.265596727,-0.271815626,1.89632107,17.28496998,10.52453181,119.9000403
120.46875,44.16852271,0.066959935,0.183849646,2.31270903,16.32541791,8.932344756,93.5169173
103.59375,48.08804385,0.350781467,0.197295893,2.453177258,15.2460417,10.67521734,146.067167
106.7109375,42.93329716,0.263947281,0.966622921,1.488294314,14.90900034,11.84148231,155.1042286
107.625,38.0632697,0.250565034,1.810065208,2.612876254,19.24806731,8.277957604,74.72658976
96.109375,54.26443275,0.262166959,-0.279495211,3.890468227,24.03263269,6.886791484,50.49464156
107.828125,55.5721813,0.37403841,-0.29901511,2.225752508,14.19362777,9.715265023,124.7167749
109.3203125,46.30384258,0.323155158,0.156100704,2.732441472,19.14808471,8.560730986,81.05658223
105.59375,37.15769551,0.022930504,1.51900181,2.102842809,13.48752521,9.62454184,127.9719202
119.1484375,46.03193352,0.366490573,0.482226662,2.821070234,15.57245738,8.906653717,105.6077723
143.9765625,48.33015765,-0.122864222,0.150213127,2.117892977,12.00962466,10.78190809,178.2983173
95.6484375,51.38634149,0.504099149,0.040843966,1.382943144,13.7836427,12.5012145,176.1854296
124.546875,48.7866624,-0.17284059,-0.312989618,2.088628763,14.55075896,9.8126967,118.3388546
110.90625,64.33317057,0.12676695,-0.824767754,4.510033445,23.9257645,6.558513588,47.08933348
134.3046875,48.43738848,-0.097628063,-0.260360596,3.964882943,19.39827521,7.019239415,61.81108199
95.890625,37.23494544,0.358574424,1.630684003,1.598662207,12.91551392,11.56180461,170.3121896
133.984375,47.17917714,0.063700553,0.058919283,3.677257525,22.83497254,7.000833334,52.80947491
117.78125,48.83821146,0.211257929,-0.19251869,2.673913043,14.87772982,8.940200974,107.7121525
123.125,57.95256681,-0.026149934,-0.58897155,4.267558528,22.16701543,6.157607217,43.93578003
74.9765625,38.17547168,0.846327898,2.613272979,1.295986622,13.86561219,12.73800734,180.8712481
121.390625,43.51117572,0.067652832,0.03176059,22.06605351,53.05576814,2.237581171,3.702290513
110.6328125,52.41285492,0.445325757,-0.15282714,56.38879599,72.42278907,0.692678271,-1.21592675
126.0390625,55.62449471,0.272470026,-0.567775786,3.638795987,19.26031756,6.843022688,55.29454947
110.328125,49.52715628,0.330367444,-0.179625348,1.933946488,14.42161902,10.4391882,131.9612833
106.59375,49.07908756,0.286697192,-0.005840051,2.696488294,20.31562872,8.819202297,83.40673849
129,44.31651075,0.156960648,-0.03599675,2.408862876,18.48209533,9.278281734,94.63093614
125.265625,52.42770087,0.051496222,-0.553123519,0.803511706,10.63505378,18.71559891,388.8351025
93.609375,39.70658682,1.030164248,2.659003465,1.839464883,14.80150656,11.29258252,151.9269175
161.4609375,41.13865699,-0.269351284,0.959990789,11.91137124,40.20845147,3.521496866,11.5501968
114.3203125,55.00098488,0.233248573,-0.507298239,1.525919732,13.13902369,15.05876428,259.2688041
128.7109375,44.72924664,-0.200340673,0.178402282,1.501672241,15.42402343,11.41516761,140.1679684
104.1953125,43.84187827,0.000684543,0.271703878,1.359531773,11.03003657,14.14806512,264.4844761
124.4921875,45.21977514,0.183788297,0.223369921,3.706521739,25.73845796,7.459985957,56.99528069
88.6171875,47.6778121,0.508645353,0.246340314,1.935618729,16.50017844,10.73973776,125.9475072
71.78125,33.99079322,1.201375688,5.057366508,2.47993311,18.06210297,9.96680916,114.9804969
113.015625,47.01478896,0.067068625,0.04554847,27.02508361,61.0081636,1.97380132,2.26485176
134.0625,48.34733544,-0.198835984,-0.113489268,6.16722408,33.04059724,5.618157816,31.52992065
129.0625,50.6437851,0.043853111,0.033600759,3.592809365,22.79758059,7.138058906,54.55024618
100.9140625,33.79765787,0.507888068,2.80765941,1.658026756,13.14751439,12.12304989,179.1559362
129.28125,45.05377646,0.211160457,0.114304724,1.872073579,13.11275475,11.13430406,159.0507704
130.25,54.92822021,0.049617165,-0.644385707,10.27591973,47.3776275,4.417688788,17.62861601
119.4140625,57.94859351,0.154924093,-0.682386297,1.966555184,17.60892195,10.06189499,107.6339762
154.1875,58.63029694,-0.609318472,-0.151936059,2.069397993,20.50057589,10.80246369,116.4542029
118.984375,77.1397863,0.173310239,-1.501641463,0.836956522,11.99718496,17.94152657,340.3664605
108.65625,48.81973178,0.224686636,-0.153875861,1.484949833,16.6188516,12.79927133,171.376619
119.9921875,57.3607684,-0.103282533,-0.854697592,5.392140468,34.69992104,6.337891772,38.35503064
130.5,54.53596864,0.070690936,-0.583442506,13.22491639,46.99653529,3.76341616,12.90140618
114.7109375,54.9329353,0.051931131,-0.309564258,1.906354515,13.38838137,10.0551101,134.7257925
82.0546875,59.29814876,1.202599271,0.727364174,0.289297659,7.4488166,33.4897547,1140.353233
136.296875,59.46379668,-0.006619942,-0.839473147,8.279264214,38.55522823,4.935809587,23.39748617
121.515625,52.12229975,0.128542831,-0.268948999,3.671404682,23.20134824,7.236287728,55.45171214
120.5703125,46.66865979,-0.076180711,-0.346191129,10.33026756,41.79865483,4.280398677,17.55165282
127.6953125,51.79309175,0.256588826,-0.209024052,2.998327759,17.37343137,7.862877849,74.88730676
103.5078125,49.11116155,0.283901402,0.158311332,1.127926421,11.41324068,14.22740794,250.2091963
144.40625,57.57053249,-0.135262855,-0.515890491,10.16889632,42.51163408,4.560107907,19.9702367
120.765625,43.02006879,0.195952435,0.073894933,2.607859532,16.39813713,8.75009162,94.34252946
104.0078125,40.03367647,0.383851322,1.14512361,3.02006689,20.94201899,7.873216627,66.88190709
122.765625,57.00129993,0.014281377,-0.458586622,6.765050167,33.05522615,5.040256214,24.94986675
140.515625,47.35536935,0.032943787,-0.252255201,3.772575251,19.14934573,6.289634408,47.73565619
131.9375,44.69720174,0.040035799,0.613366491,2.567725753,15.92219571,8.977863479,102.2280474
107.3828125,46.43377695,0.454773503,0.168205992,2.122909699,14.14163107,10.54635794,140.0007555
110.1484375,53.44157,0.416257923,-0.202093554,4.441471572,24.93826664,6.502653188,45.24228911
124.6484375,44.08330003,0.066498444,0.458767396,2.606187291,17.01109991,9.46557015,104.5656255
119.109375,58.6426192,0.184893214,-0.316643572,2.341973244,15.72243388,8.752023715,93.60583423
106.4609375,43.42952307,0.101767924,0.378525637,2.362040134,18.48334323,9.081866881,90.15007253
141.3203125,55.86478285,-0.257080818,-0.718214496,2.884615385,24.15263055,8.529005068,71.89934906
100.1015625,45.78991426,0.408965675,0.147360567,3.257525084,24.07080349,7.892882157,63.44725947
94.390625,42.36342659,0.714160259,1.979993268,1.861204013,15.14983581,9.610887394,107.9334905
106.1875,39.4144148,0.35692357,0.943613805,3.961538462,22.37533712,7.014834108,55.44475118
128.875,45.98250347,-0.101607044,0.045648351,2.637959866,19.0873331,8.561802685,80.09176376
133.2265625,51.86780294,-0.062832635,-0.495370674,38.59364548,73.53428723,1.647875167,1.136092244
162.1953125,52.43911031,-0.876452626,0.408800282,8.910535117,37.55786424,4.772203982,22.87714241
119.234375,45.66547595,0.340412681,0.665919457,2.793478261,17.03630761,8.150422212,80.88660011
98.296875,36.66089525,0.658723525,2.102054726,3.003344482,19.5649161,8.580805276,83.21087782
132.25,47.67746454,-0.058997405,0.11622912,1.735785953,13.03668955,11.61812665,169.8862186
107.609375,44.30332845,0.43045373,0.979516405,2.719899666,16.18794212,8.833327598,98.69244621
106.6796875,43.70371366,0.437518352,0.615727793,3.650501672,23.95281576,7.323190073,55.86801027
126.0859375,49.27807375,0.228992026,-0.253830757,1.411371237,15.29792227,12.91413605,179.7102877
127.75,42.94982538,0.263881221,0.456432033,2.927257525,18.31201772,7.994835952,73.08050478
121.859375,52.88397299,0.132283405,-0.429663738,2.757525084,16.21855543,8.531360954,90.5749101
123.4453125,43.32143822,0.207214245,0.497773761,4.473244147,24.03839849,6.226778865,42.41047966
120.0625,48.03038589,-0.028265473,0.028708749,30.12792642,62.09560427,1.827059308,1.878257461
129.8203125,57.52641154,-0.262137968,-0.734190938,3.274247492,26.71261096,8.384226583,68.87287245
107.1875,47.984983,0.27770568,0.238732948,4.050167224,23.06499813,7.022735061,54.10837942
126.8125,57.5177622,-0.022401772,-0.672614822,3.209866221,19.23973738,7.687858936,70.35634786
126.453125,57.03944076,-0.023372056,-0.664410098,6.794314381,33.45307452,5.232809035,27.25283254
136.25,55.45380961,-0.082916387,-0.514946906,86.30685619,65.13614751,0.041172569,-0.768063244
94.4140625,35.42587493,0.357497289,2.414477642,1.465719064,13.89544073,11.90624204,162.0812028
92.015625,45.62602471,0.431141955,0.358870301,3.011705686,18.63722127,7.871640508,72.214506
116.0625,47.77563939,0.209711221,0.254120394,2.701505017,18.17934707,7.891081388,71.27455793
118.2109375,45.62031694,0.206816886,0.154104987,2.642976589,16.10590346,8.395206022,86.23014061
99.6796875,44.75260705,0.331855864,0.169071803,1.77173913,12.87535708,11.91994389,177.5985156
115.90625,50.77299933,0.146410133,-0.326696154,7.519230769,33.77916871,4.62701081,20.91658655
111.4296875,48.27034603,0.247512479,0.256304322,5.392140468,27.65024458,6.180368796,40.69363089
106.3046875,48.09309959,0.160777197,-0.047523208,3.382107023,23.97975695,7.833923897,64.30588121
79.640625,32.94164689,0.981903415,4.951839322,1.407190635,10.89838663,13.98517336,268.7939096
122.90625,51.45559941,-0.10575558,-0.402825447,0.316053512,8.180373147,28.05250136,824.8646725
114.125,49.67252133,-0.038227175,-0.012049696,5.442307692,26.80633223,5.877354657,37.78420575
110.03125,41.78290947,0.550695974,1.067852792,5.535117057,29.45604294,5.780767214,34.08640379
110.1015625,44.89777275,0.420535629,0.134953688,1.884615385,12.61575424,10.92185494,164.6528258
99.65625,47.3729283,0.533407446,0.172520534,0.735785953,10.771669,17.49573097,342.8707015
129.46875,53.90355066,0.307645222,-0.431043082,2.14548495,13.44083672,9.823666714,131.8578482
98.5703125,45.06950944,0.349156883,0.853318645,1.815217391,13.49266378,10.80026393,146.393325
80.203125,36.29014143,0.785636466,3.040664384,2.694816054,16.5066017,8.746164374,91.94737641
126.296875,51.01261477,0.049426164,-0.31736956,5.7090301,28.92032566,5.630835816,32.95626578
135.0625,48.704105,-0.327587578,-0.11048285,2.814381271,14.76116415,7.95174182,90.20742515
97.8515625,40.72431895,0.545522272,1.151478349,2.72993311,17.05405944,8.284555671,83.06011627
121.6328125,55.80236765,-0.089101856,-0.392290584,3.805183946,23.08653214,7.29238139,57.60247016
123.2734375,48.76453547,-0.139482238,0.051884046,1.753344482,12.93662959,11.33405876,165.7113163
74.1484375,40.88705668,0.72926244,1.70782494,2.807692308,22.84815679,8.841502581,80.67025381
111.9296875,43.25346511,0.173987033,0.994637056,3.385451505,22.83116209,7.529203301,59.90071319
100.3984375,43.28671488,0.301167055,0.725825273,2.194816054,17.3308743,9.179244286,93.43444343
106.1640625,34.6452507,0.364108313,2.071368007,1.843645485,12.96340881,11.51469692,168.1094146
115.4296875,48.53102802,0.126050337,-0.351237035,1.607859532,13.92217638,11.32965492,151.9022922
116.828125,55.87305776,0.089774342,-0.487272722,2.506688963,17.15254563,8.601843033,89.32939504
107.109375,44.56232194,0.321383662,0.748861621,3.918896321,25.88589466,7.007973295,50.18217653
71.7734375,37.22088099,1.136979828,3.445463078,2.600334448,17.99388971,8.205497693,76.10069275
119.3984375,46.60528066,0.062927257,0.316311743,3.607023411,18.60690213,6.552048689,52.4212605
106.3046875,51.39241776,0.385041256,-0.093450881,4.115384615,22.46439168,6.843944011,53.6419805
138.0625,47.39507325,-0.041313054,-0.302024921,4.153010033,25.59595689,6.943093887,49.59075573
73.0625,36.01014397,0.951943714,3.864943349,2.622909699,17.40139281,8.33970748,82.19914897
136.4765625,56.42596987,0.04465749,-0.518295883,3.822742475,24.73221839,7.096823244,52.26849122
101.140625,47.70788954,0.34974362,0.15240414,4.04180602,24.3961849,7.006709864,52.55122493
139.75,37.71335142,-0.153380714,1.10778472,1.938963211,12.516028,10.94015863,165.9039838
111.9140625,47.88593663,0.32342013,-0.046592474,2.662207358,20.37605347,8.874419533,85.16075914
83.140625,39.0999789,0.478936343,1.565910234,0.481605351,8.813877935,23.31369153,613.7747235
89.2734375,45.91342309,0.681846899,1.22500651,2.79180602,20.35662727,8.385930928,76.18247242
148.5390625,55.83582272,-0.278138676,-0.596750478,1.198160535,11.73822743,13.23959509,220.3259
121.8125,50.22492378,0.156231339,-0.334151005,1.705685619,13.73849173,11.01812428,146.3611088
127.3359375,42.5867272,0.028070624,0.45927186,5.717391304,31.07476256,5.755802604,32.98770653
117.0546875,32.6375236,0.214963637,2.57760458,2.836956522,16.72948268,8.114083523,81.23867213
90.8359375,40.58204986,0.595021791,1.265456957,1.078595318,11.50805346,14.36137755,249.416104
128.0546875,48.62745954,-0.054122394,-0.068072589,6.468227425,32.852816,5.507084594,30.15611405
110.2265625,43.39214626,0.255979499,0.738423763,6.153846154,31.85583239,5.464823981,29.89048949
96.3828125,43.49373538,0.696004323,1.008207786,3.201505017,20.61537476,7.768643631,67.67832258
125.4140625,53.32953675,0.034275374,-0.101307719,1.989130435,17.96645096,10.19387129,110.4585189
135.125,49.97311777,-0.171624999,-0.113219707,1.14632107,9.983489456,16.47231872,365.1986034
130.3125,46.65929536,-0.017891325,0.209152671,3.281772575,17.04827992,7.178018704,66.14317567
109.5625,36.62622652,0.278254042,1.814581705,5.351170569,25.6453251,5.864311475,38.50241331
119.296875,58.68511835,0.060716049,-0.668449972,37.01588629,65.15636388,1.517861659,0.94881451
127.5703125,51.49676622,-0.111681163,-0.194833089,4.921404682,26.11212977,5.732764676,34.25556231
97.328125,39.04426762,0.676250676,1.479031318,3.903010033,19.94387504,6.789342277,54.90478942
79.390625,42.81340955,1.145118177,2.686750256,1.219063545,14.89956918,13.82027085,202.644499
102.59375,49.82209561,0.476667379,0.159972238,1.837792642,16.17774731,11.31276945,141.8802693
151.515625,45.12967157,-0.123411338,0.004552348,2.56187291,15.87088428,8.711719597,93.191431
94.4765625,64.09416472,0.73565444,-0.341452976,4.62458194,32.21038228,6.980556562,46.95336301
121.6171875,53.27011373,-0.069089775,-0.673012715,13.02508361,38.23826516,3.17207829,9.945361866
141.6484375,45.21452163,-0.195525045,0.099358317,5.41722408,28.01843047,6.079397014,39.00361018
57.8671875,35.14509458,3.392913848,14.63329698,24.85702341,57.36983632,2.549469547,5.703453999
109.7890625,43.09757322,0.313164917,0.536595384,1.193143813,11.80316492,15.61912825,289.2790683
125.9921875,51.96610916,0.008912514,-0.134996936,1.868729097,14.30544691,10.97263022,148.1723
160.8671875,61.81618051,-1.060827434,0.128833174,11.76923077,45.04464812,4.012029948,15.03428241
144.9453125,70.87238847,-0.359560504,-1.011004349,7.689799331,37.92238063,5.006664548,24.17140157
18.765625,45.88785317,3.575489014,12.36521482,147.6220736,66.28125676,-0.376736874,-0.90735235
130.40625,72.40094931,-0.02092983,-1.267204319,5.086956522,27.14689627,6.109137549,38.93679642
74.6328125,75.86716095,0.834879565,-0.838742472,67.62374582,81.19988903,0.998824799,-0.311267309
85.859375,35.06260793,0.837685965,3.158829791,1.857859532,14.12112664,10.58036423,136.8835851
111.875,51.27027038,0.220350849,-0.371969107,3.310200669,18.69706386,7.194443521,61.00941219
125.3203125,55.38768669,-0.096363148,-0.330473503,1.928093645,13.1161462,10.21390383,142.5212876
135.765625,47.55087479,0.100984357,-0.105084632,1.97993311,15.84016946,11.23317173,143.8231532
121.3203125,51.77308265,0.085057438,-0.161100588,2.340301003,14.59441919,10.13569748,132.2845306
113.28125,51.51637141,0.365692016,-0.056710127,5.913879599,28.18509844,5.731266377,35.61077556
111.4609375,44.78732772,0.362854672,0.053643349,3.005016722,16.99409621,7.997488385,79.30363759
96.953125,35.61992494,0.551851658,2.333916069,2.75,19.03065319,8.233221891,75.56914246
126.1796875,56.99635865,0.153226548,-0.329316986,0.423913043,8.533334013,24.9196499,689.3477427
114.3359375,48.19350276,0.174347936,0.234023762,1.58277592,12.53045805,11.83081191,178.6294306
107.2421875,44.91811058,0.400923718,0.742031712,1.921404682,16.39481044,10.28091089,121.0381792
114.1953125,46.89333951,0.210950117,-0.008048922,2.301003344,18.48075105,9.256192984,94.3415108
92.2421875,46.57583636,0.423120369,0.054761413,3.93812709,23.26327832,6.53149376,45.26890259
119.8515625,47.74036059,0.525983818,0.305539561,2.955685619,18.05585563,8.356073785,83.40296711
129.0234375,48.4446309,-0.057488198,0.176429294,1.641304348,17.21002274,11.17084534,129.3913485
141.9609375,54.03635963,0.02887295,-0.642836201,1.428929766,13.66154917,11.9574357,166.9981153
125.078125,51.19365949,0.171883331,-0.127573305,3.369565217,21.51838003,7.808258126,66.88926946
99.46875,46.09059311,0.436304644,0.599340643,1.505852843,11.30413246,12.87486965,232.1420717
118.515625,49.28329845,0.096454934,-0.227667575,4.931438127,25.66578963,6.583810776,47.28076829
109.53125,44.57191126,0.459712437,0.603472629,1.25083612,13.62176442,13.84258024,213.351915
108.9453125,42.97315815,0.20673623,0.190987296,1.504180602,13.82230092,11.88448975,165.1829732
121.3046875,43.66036507,0.254939636,0.835121545,3.966555184,21.72330296,6.313199117,44.45158448
121.0234375,45.94807954,0.311997839,0.220758964,2.526755853,14.28771907,8.427850384,100.9300203
85.1171875,36.17851164,0.475873112,2.818428144,1.544314381,13.49751158,12.10382996,173.3217939
122.2734375,54.31918325,0.094511842,-0.457876652,1.575250836,13.89455716,12.02266725,169.0791551
122.140625,51.25102657,0.022702867,-0.491762287,54.88712375,69.42343634,1.184690217,0.410959172
124.3203125,50.8828209,-0.150148599,-0.033531057,2.110367893,17.25297297,9.425758424,98.38532421
92.8671875,35.38766803,0.360011081,2.469954248,3.501672241,16.71877854,6.791857884,62.72734703
114.7421875,46.5598147,0.493634621,0.538324366,0.788461538,9.867495064,18.49947489,413.24912
96.28125,42.72293323,0.424916113,0.796946966,1.173076923,13.62386423,13.45525234,198.2059999
128.234375,56.42548798,0.055580418,-0.552966235,16.43979933,51.50140974,3.054602059,7.943782187
136.2421875,56.29328142,-0.020960594,-0.742605243,19.49414716,56.74353321,2.825110735,6.54158511
154.65625,44.07937399,-0.224625992,0.31180126,76.21571906,94.2025514,0.531849357,-1.551833391
109.34375,55.1166997,0.261521685,-0.313803644,2.587792642,14.77195044,8.881708389,104.6640656
116.96875,55.10613871,-0.033026299,-0.445023687,0.91638796,11.35198621,16.44488606,305.6728095
128.7421875,52.27066668,0.102810014,-0.01913178,2.394648829,15.44462884,9.22140455,107.12427
76.4921875,38.12274503,0.750548583,2.556619255,3.25,22.3891967,7.711294113,62.91636669
120.109375,59.08550932,0.078961233,-0.866533815,12.54682274,48.33945239,3.840842499,13.39324059
140.7578125,45.20659971,-0.218455445,0.115754705,4.894648829,25.64761076,5.93660406,37.08121882
100.9375,48.91219013,0.352557139,0.002741699,2.637959866,14.58180237,8.843786175,107.5491424
108.09375,47.51405014,0.103299387,-0.183673123,1.277591973,11.40299495,13.74314832,244.0273259
135.4375,55.77434306,-0.00405883,-0.338509031,2.786789298,20.84335251,8.573934199,78.80591805
98.125,51.83311562,0.278747284,-0.2143049,2.593645485,20.55941125,9.221708243,88.25036284
97.65625,37.75609171,0.50220694,1.463230585,4.147157191,23.35447542,6.596141467,47.89062702
118.5703125,44.8130986,0.224010273,0.011623829,1.977424749,15.51287065,9.4969953,105.4994066
122.9453125,43.36785038,0.19834717,0.713727572,3.399665552,24.310852,7.603947965,59.01409271
127.3203125,47.78482591,-0.210849934,-0.151054308,9.519230769,38.42110186,4.08824163,15.72331737
97.625,42.73226972,0.263152946,0.588864521,2.698160535,17.14613649,9.561854792,110.3631705
111.0859375,38.69250318,0.222893201,1.287524951,3.897157191,21.42991124,6.543419575,48.11960738
136.09375,46.95417272,-0.338044314,-0.25673308,1.990802676,14.68546761,10.75541958,138.4346411
92.46875,37.78949455,0.647792775,2.055608449,0.864548495,11.98340745,15.35544717,256.4241567
88.8203125,35.44437402,0.587368709,2.739090736,1.423913043,11.92269119,12.51105098,204.1305461
120.4921875,51.90541218,0.269488505,-0.042289246,2.297658863,15.50477414,9.840712704,118.4004951
107.46875,37.52352127,0.187120885,1.146171024,2.47826087,16.25189556,8.905504552,96.29086442
103.3515625,40.57835588,0.398671997,0.853419661,2.050167224,13.72706326,10.67107048,144.6551027
119.8359375,42.50161345,0.377613612,1.224737194,2.372909699,17.0467016,8.64279169,85.0961867
140.421875,47.14101342,-0.159950869,-0.033127005,1.942307692,16.964921,10.63411436,126.0734973
125.171875,53.22183959,0.068760596,-0.246911264,1.631270903,15.32099109,11.5185321,146.9378432
104.2734375,52.6755569,0.326737781,-0.214982942,3.191471572,23.1997858,7.854307038,64.40160976
131.5546875,46.37311462,0.134623081,-0.050321215,3.422240803,21.52119917,7.654211839,64.7484701
102.203125,43.23055187,0.502788081,0.842764676,2.723244147,20.26809019,8.695038394,80.80847669
143.7578125,52.1938613,-0.090352337,-0.566504227,1.818561873,13.14409553,10.89033281,153.8544443
79.8671875,40.15387806,0.61486468,1.828323799,2.071906355,15.47243249,10.00121862,118.0389886
108.828125,43.45941163,0.335721156,0.651637742,2.741638796,16.82670791,7.999717732,79.05835216
94.390625,37.35895023,0.484445748,2.071257302,3.320234114,16.41875585,7.386259642,72.79385559
104.2734375,45.08788551,0.242374645,0.583530523,3.41722408,18.61080002,7.916057485,75.48679081
134.171875,45.92437897,0.152391468,0.019779258,2.754180602,18.9299388,9.002472379,92.63578244
99.1015625,39.73738791,0.584018176,1.526071034,2.837792642,17.63572622,8.82301218,91.82589998
131,52.18566614,-0.025663591,-0.107006063,3.576086957,21.24333608,7.902192591,69.01607356
141.5625,55.30805067,-0.277164344,-0.435247909,7.784280936,34.05403861,4.573967611,20.6845041
106.2109375,43.06275442,0.299330239,0.760055641,2.925585284,15.87946806,7.329342007,73.45047494
125.484375,44.15968615,0.259071509,0.432522284,2.592809365,14.51509127,8.787651394,106.0062488
147.6484375,44.34023107,-0.131100648,0.027775107,1.530100334,10.95696646,13.56517974,258.7721627
92.828125,38.19381277,0.505959162,1.561033631,4.086120401,23.57656937,6.604373801,45.77572044
134.75,53.33107092,-0.143471645,-0.298976614,5.492474916,28.28529009,5.306161356,28.34152535
104.875,35.41097994,0.393583592,1.818578709,1.891304348,12.15396867,11.64035612,187.4316836
94.78125,48.03806068,0.444129595,0.199480766,0.498327759,9.282765194,22.75314203,561.9678538
129.2109375,46.33584134,-0.065216203,0.387983517,2.253344482,19.53464114,9.551121823,95.12440271
141.484375,45.44639431,-0.155039099,0.245625736,2.029264214,14.93150403,10.02399324,121.0912397
92.8515625,34.66538481,0.365849246,2.849070432,3.206521739,20.35524776,7.255771745,60.29126679
118.1171875,57.02091462,0.107739719,-0.786384685,24.91638796,59.96784004,2.237670972,3.512316984
117.9453125,41.58637634,0.01293147,0.400598761,1.621237458,10.95420005,13.433587,257.7727496
105.25,43.15198431,0.665362095,1.340510854,2.503344482,16.67390835,10.17015724,122.9939935
99.703125,44.12612594,0.562796637,0.944100565,3.513377926,24.01944561,7.416725164,57.05353532
126.1953125,47.45097118,0.004852044,-0.05518776,3.335284281,24.32284513,7.429394745,55.15402791
96.4921875,43.94403331,0.499402046,0.989876125,2.037625418,17.57719017,10.73064832,126.2633036
54.7421875,32.33763435,3.345038285,16.48487023,32.77424749,59.42004441,1.821401637,2.44146281
93.265625,41.93176831,0.525499459,1.110687994,5.739130435,30.48463905,5.696015565,32.77404781
109.96875,55.62653614,0.288355893,-0.210458786,2.096153846,15.45702702,9.623898103,111.1679132
106.140625,46.52515018,0.278292263,0.399322336,2.677257525,14.09663915,8.932579779,112.4373179
97.9375,41.5310031,0.754290769,1.719454864,1.489966555,14.02127145,11.48722528,151.0448645
111.9453125,49.57054767,0.224134919,-0.143292073,0.756688963,10.96605421,18.0764866,363.3840981
142.390625,49.92920525,0.094261925,-0.2255565,2.97993311,16.32455929,7.91881939,80.76586897
119.140625,57.01969703,0.377410768,-0.98606498,90.9506689,87.70049218,0.273336943,-1.510651645
19.4140625,46.19109887,3.705014294,13.04605745,96.02842809,61.41001406,0.610825109,-0.194554797
133.125,59.95727646,0.012855051,-0.804890239,31.55351171,65.2362543,1.73517963,1.35850768
156.65625,42.40991141,-0.358867701,0.880066366,1.840301003,15.53361059,10.57712895,128.9065319
114.0703125,40.28592799,0.334304406,0.614901198,1.739966555,11.51689647,12.058822,211.5685666
126.296875,45.71692099,0.124646262,0.180689714,2.639632107,15.33907947,8.022532297,85.69548076
145.1484375,49.95655767,-0.124083517,-0.198993013,2.367892977,15.02673557,8.8554375,100.5277575
136.046875,35.7967045,-0.166473251,1.327440282,5.530100334,24.26859726,5.301595027,31.79404709
107.0859375,40.35294044,0.462706873,0.904377049,1.008361204,10.20246201,16.49249404,348.5268531
116.1328125,49.18195984,0.265850813,0.536049005,0.434782609,8.199738608,26.51021835,786.1189074
107.8046875,55.95772101,0.261271535,-0.303771852,2.415551839,19.15297664,9.005631912,86.1762724
115.421875,43.55897751,0.540688855,0.839779018,1.905518395,15.08848826,11.08270324,146.1187949
129.6015625,48.91947143,0.278880759,0.068817226,4.089464883,21.94332597,6.375726293,45.3358552
80.96875,37.88303081,0.776930779,2.457622502,1.336120401,13.40646027,12.39316855,175.8943427
37.25,30.95132267,4.43751256,25.24357093,73.23494983,82.84329093,0.864999317,-0.616193394
131.8125,46.85478731,-0.112190423,0.200662927,4.120401338,21.35338636,7.093890877,59.21266771
120.4140625,51.35302561,0.170727844,-0.115023228,1.385451505,12.38699106,12.97069993,206.4891509
127.3515625,53.20120855,-0.026954612,-0.364566173,1.422240803,14.76204141,12.55633179,177.0737551
108.46875,44.3002782,0.234723106,0.737700059,1.494983278,12.32635137,12.45407404,196.2993971
93.40625,44.1472036,0.738613669,1.282839132,1.27090301,13.82620952,13.13942309,192.7012898
126.0546875,45.24435541,0.037934982,0.066181966,3.028428094,20.79267449,8.467324045,78.12709981
92.2890625,46.16802741,0.44332141,0.284898075,2.238294314,19.56681987,9.854371439,101.9330536
102.9453125,39.14582285,0.500264245,1.157288862,4.39632107,22.79584659,5.975372601,39.55930668
135.09375,44.82159732,0.111096512,0.186362507,3.62541806,18.06260451,7.825417426,78.68758732
113.3984375,40.14939676,0.322762683,0.532786428,2.985785953,16.62232347,8.176915817,83.88739372
120.5234375,44.92597468,0.272749475,0.397985159,20.71404682,55.20462243,2.506237697,4.770008311
123.6640625,43.58312413,0.424502708,0.696762183,3.168060201,24.91214026,8.245832817,68.94181653
83.140625,36.78946316,0.919900696,3.227861054,2.857859532,16.52630001,8.124413751,83.1701685
109.6640625,56.16733889,0.289526631,-0.477533335,2.418060201,17.87491305,9.13343647,93.99172509
112.15625,50.43690946,0.196722352,-0.246724699,1.565217391,12.22558016,12.11709094,191.8410398
131.8203125,45.89516478,0.037889308,0.169025916,2.326086957,13.79959363,9.824264134,131.255938
125.296875,59.05338678,0.136521036,-0.429461159,1.938963211,15.07724105,10.27609083,125.345326
134.65625,52.12866257,-0.126995042,-0.424615044,0.892140468,12.53353649,15.46406334,254.0785794
124.546875,49.49066506,-0.116963721,-0.637538531,2.343645485,13.47305504,9.56353674,128.2210244
104.0546875,44.10398023,0.367658253,0.446123694,1.704849498,15.67256971,11.74104043,156.2394036
128.1015625,49.35788308,0.045821351,0.171522923,1.092809365,10.27623074,15.84062706,332.3840988
102.7890625,52.29373952,0.418448498,-0.076064449,9.283444816,35.87744972,4.074898853,16.39839298
127.9609375,54.14713784,-0.018437957,-0.272148664,3.459866221,16.95629523,7.415250785,72.48354591
86.7890625,35.42457929,0.774474405,2.834748065,2.18812709,16.36106683,10.12114049,117.9822559
68.1015625,34.94836366,2.10780892,8.442367704,5.709866221,31.01071025,5.862879274,34.59967467
108.640625,48.71404674,0.404338505,0.10618485,1.826923077,12.43602939,11.15750875,171.4215136
117.9609375,43.75310745,0.153131872,0.395421442,2.116220736,13.41462679,11.28628855,163.6072776
116.53125,49.84114413,0.130423058,-0.197497224,7.783444816,33.98198067,4.571844719,20.83123349
130.390625,44.39581103,0.210211693,0.239204923,2.986622074,19.10383058,7.851861048,71.09722224
120.9765625,36.10692992,0.402739071,1.542149603,2.834448161,16.72583418,8.453451982,86.51553787
107.3515625,40.59529488,0.442126289,0.900034133,1.610367893,15.37737206,11.44640477,144.8656307
35.6171875,33.15237574,5.168639905,29.04602353,58.40635452,69.24761995,1.093188772,0.323029453
131.96875,49.66543339,0.066138925,-0.214159387,2.116220736,14.7519299,9.289692182,109.0384942
103.96875,47.47350207,0.304791679,0.016580582,1.505852843,11.25543195,13.17515728,239.0896684
92.6484375,47.56567661,0.720715132,0.776395866,1.883779264,15.30538753,10.81342962,139.3109049
122.6796875,58.82932591,0.011048474,-0.694777891,6.754180602,32.20621953,5.191809214,27.86806641
96.84375,44.5265787,0.472147645,0.781350407,2.463210702,15.34833506,9.062014117,103.2747769
117.203125,52.98472058,0.133527767,-0.286991578,8.004180602,33.58241222,4.518682331,20.30995429
109.984375,44.25088,0.285614676,0.495949587,1.539297659,15.87764549,11.58490776,144.6436503
142.453125,47.2851819,-0.035538341,-0.0467239,3.192307692,16.82731915,7.62734658,73.83646754
124.4609375,42.08471782,-0.066050295,0.342127373,3.212374582,18.45726459,7.45417897,69.56030763
127.015625,48.63929487,-0.095873821,-0.160838173,3.477424749,23.19537476,7.353730578,57.02545693
93.3984375,34.24163672,0.594230756,2.798017121,2.069397993,13.8265425,10.08134312,132.0364407
97.6875,53.74109665,0.655981731,0.409275055,5.296822742,28.38120857,5.968260579,37.51681142
112.8984375,46.59815579,-0.078139046,0.03072923,2.246655518,18.18886049,9.898211956,107.9650115
143.1484375,48.26814585,-0.114629679,0.092378534,2.035117057,17.06079345,9.256930983,93.11702044
144.3125,48.79192908,0.00369933,0.042798682,7.329431438,32.39908702,4.513968257,19.86937096
112.515625,48.3147209,0.01531365,-0.17529644,2.409698997,18.68591048,9.034886919,89.82483679
130.71875,61.36888176,0.174123822,-0.804866852,6.222408027,25.79509623,4.857733875,27.39713886
120.609375,48.45813824,0.295644197,0.059411262,3.382943144,21.17293447,7.437547355,61.20823413
97.375,37.45434721,0.509851827,1.487418318,3.504180602,21.21093653,7.174457316,56.5738003
131.546875,45.00900246,-0.124728719,-0.00626467,2.493311037,15.36433091,9.227390563,106.567089
128.9765625,45.40348019,-0.005018269,-0.052498008,2.991638796,17.27008347,7.496063026,68.13110313
92.3828125,44.86718614,0.680791972,0.893112398,4.43729097,22.65511926,6.463431694,47.45672384
104.6015625,40.72743621,0.539147959,1.213184744,1.222408027,10.56239779,15.30979859,307.5265076
101.765625,54.20973223,0.459661344,-0.092711425,4.383779264,21.87301535,6.264154176,45.93816852
150.734375,39.5257994,-0.184451831,1.47382945,2.141304348,18.76338139,9.356973377,91.11706555
103.234375,46.0742411,0.25324901,0.286576737,2.066889632,14.49266476,10.03098509,124.0524089
119.328125,55.57682034,0.092611698,-0.431547481,2.911371237,22.75885298,8.315087368,70.45476484
99.4609375,50.47677411,0.636294102,0.716470956,1.674749164,14.78051453,12.46033263,178.242323
124.59375,48.557221,0.199631037,-0.277464154,2.679765886,21.73522545,8.732392463,78.48667998
103.1875,42.65152217,0.615719689,0.948051818,2.244147157,16.12842246,10.53547071,134.5060304
107.3359375,47.35607758,0.313039445,0.258938877,7.009197324,29.92980778,4.514383907,20.62151982
102.9921875,42.6454306,0.096528057,0.645220975,2.663879599,20.21218712,8.499789685,76.70309316
124.859375,55.56762974,0.018782805,-0.463299233,14.61956522,48.07143429,3.253722219,9.329890455
119.3984375,46.39089011,0.31709795,-0.294427684,3.127090301,21.25015605,7.902178599,65.82672938
119.3046875,50.83406808,0.058504306,-0.399833875,2.81187291,17.30753387,9.485307359,108.3479421
133.0703125,45.2199803,-0.064624429,0.168395994,28.57441472,65.28328017,2.011369947,2.402393432
130.984375,49.25348725,0.07792493,-0.178927182,2.846153846,15.0694516,8.099629127,89.87261815
98.8125,41.04489729,0.608383032,1.332003818,5.149665552,24.56596828,5.509803186,32.59624456
95.2890625,47.04006808,0.411826466,0.50311606,4.890468227,23.73887085,6.239235941,44.17721975
126.984375,41.2240419,-0.099490092,0.987468002,1.346989967,15.77239341,13.50403444,190.9665721
110.21875,45.67205408,0.53411849,0.402540677,2.134615385,17.06375334,9.870973132,108.6518136
138.5546875,54.97226696,-0.081005846,-0.581894625,1.93729097,12.49683227,11.10193863,169.66096
125.453125,54.30870375,0.092152786,-0.498523614,1.568561873,17.26774638,11.57177242,137.0617229
64.75,37.355346,2.700921964,9.75913666,33.52006689,63.08915308,1.852955233,2.402569575
92.7734375,47.72188551,1.001202445,1.361122525,43.40050167,74.42784636,1.405874814,0.430680187
129.4296875,51.11914447,-0.039083403,-0.015090877,2.506688963,14.45645481,9.242921373,114.7596934
101.109375,52.23523033,0.314269137,-0.190634375,1.173913043,14.68760045,13.76334097,199.3373883
123.6640625,47.63898701,0.235418728,-0.071980861,2.969899666,15.56045811,7.652493978,80.51173954
74.515625,34.35408099,1.863238661,7.586409245,5.974916388,31.30726522,5.486881071,29.91894199
126.828125,45.28108555,-0.097235636,0.004767814,2.321906355,14.33746017,9.498072276,117.8823525
131.3203125,41.55285294,0.273809914,0.609955056,2.983277592,20.45918658,7.712158718,64.62434671
74.8203125,36.10822136,0.875454157,3.472457601,3.946488294,23.3218103,6.723389254,49.03287832
132.7734375,60.9578767,-0.122538608,-0.658688415,11.34364548,42.92748574,3.717505353,12.49116833
139.6640625,42.07011954,0.047973974,0.1758504,1.714046823,11.57512195,12.50340268,219.1387335
143.0234375,54.12030361,-0.189525873,-0.523692053,8.850334448,36.72245413,4.181831108,16.55089439
115.5546875,42.52312029,-0.105663082,0.482593127,1.989130435,18.81410688,10.55263169,117.0869415
98.265625,49.60791336,0.535087409,0.12809299,1.760033445,15.66582805,11.14497688,140.0949553
100.8984375,38.01065637,0.220294313,1.244901911,4.423913043,27.38893773,6.488992584,42.22976982
129.0625,47.58327404,0.034718664,-0.154337459,5.727424749,26.59480329,5.353546164,31.45380752
134.0859375,54.22551685,-0.02650641,-0.06489718,3.153846154,24.09255586,8.710782688,78.96792033
107.9375,57.45171206,0.464369101,-0.372142067,2.495819398,19.24596511,8.755066479,82.7960115
118.2265625,49.81735623,0.385291587,-0.085388519,1.029264214,12.43847655,14.90819615,250.5163688
105.1171875,52.24620517,0.325375949,-0.177096853,3.532608696,23.58585201,7.544013204,60.65961196
115.6328125,37.9892812,0.130539046,1.69544987,4.748327759,23.59084141,5.956808614,40.75965888
131.0234375,45.4645234,0.15033823,0.266608668,2.563545151,19.96137932,9.069625761,87.70197138
105.6171875,51.66359349,0.417958841,-0.054699271,24.22240803,59.99097507,2.304263788,3.768413009
119.6640625,43.70627768,0.180481941,0.57217362,1.801003344,13.99619629,10.65053497,137.9525367
137.0859375,49.38592084,0.010375672,-0.171750769,6.573578595,31.47219037,5.325961216,29.10956458
108.671875,52.64223432,0.247113101,-0.459462215,1.307692308,13.99745465,12.44471426,170.3419556
130.7109375,45.45398641,0.023009288,0.048930664,2.128762542,13.61585278,10.86426554,154.5367413
95.140625,41.03252033,0.514522081,1.055755487,1.788461538,16.1369422,10.99058291,134.4121281
156.3359375,42.88671074,-0.587042198,1.003826919,2.244983278,14.85811434,9.430141452,114.0481968
134.4140625,52.34165516,-0.158458735,-0.354229931,5.510869565,25.72056649,5.646120906,35.04823269
123.875,49.46494971,0.323084373,-0.28700591,2.504180602,15.02531251,9.346737215,110.389109
131.9453125,48.76014455,-0.170860079,-0.28680517,2.846153846,17.44560807,8.064323053,78.32668695
111.546875,50.43589052,0.2220262,0.005012485,2.721571906,17.19838707,8.42727806,83.38159361
129.5390625,35.1572144,-0.076304451,2.236829801,0.498327759,9.663787725,21.73550661,503.2300707
115.859375,49.4461093,0.209206537,0.129398602,1.939799331,15.79915924,10.03161858,116.6685528
100.9921875,46.4629382,0.390351233,0.38448959,12.62792642,43.21948947,3.735566542,13.34982453
124.75,41.86585721,0.167914857,0.805688488,2.336956522,15.26760201,9.295007318,108.3499005
129.2421875,52.11596836,-0.136673609,-0.596478278,1.339464883,12.37912045,12.67051963,197.7835684
85.984375,34.26618787,1.064876034,3.50930825,2.556020067,19.03137804,8.405033071,76.61561098
125.7578125,44.06294257,0.199765663,0.151251751,3.972408027,18.78713913,6.181347388,47.88707298
84.7421875,38.85374139,0.6966482,1.566093048,1.27090301,15.29203531,12.85050473,172.4343204
164.578125,41.0954699,-0.313644981,1.067973609,1.423913043,11.02847015,14.01096269,264.9993825
123.0625,47.4856475,0.109090306,0.019944733,1.93645485,13.96678964,10.22278986,130.9273401
108.2890625,51.48409226,0.191842128,-0.229348321,2.826086957,16.20262134,7.704806263,76.69292895
94.28125,51.19813496,1.184976477,1.473597043,2.756688963,17.59266428,9.543768817,106.0679885
102.234375,41.86240191,0.515880238,1.323353858,3.900501672,22.06461247,6.750758659,50.45796618
120.4921875,46.62449666,0.186862421,-0.01612972,1.678929766,12.17283247,12.74509101,210.0526641
122.1171875,51.45653826,0.058075427,-0.174187285,3.045150502,20.49617718,7.717871574,65.30845002
111.9921875,34.71254638,0.277084152,1.947663483,6.819397993,31.17891232,5.246926172,28.60530879
112.1484375,38.97196305,-0.017768148,1.332388709,3.025919732,22.34332662,8.121868645,68.5016454
112.0390625,52.24437804,0.450467692,0.009122308,0.586120401,9.413669062,20.98961525,500.9787248
148.9609375,48.44284686,-0.27132107,0.118414176,6.349498328,31.42562901,5.570602845,32.08302743
61.7109375,51.22699977,2.067032136,4.779825102,33.86789298,71.79003158,1.998109007,2.462843553
95.4609375,40.18995956,0.8337923,2.240871328,3.975752508,22.83194926,7.067690415,55.80504223
136.0703125,55.68117719,-0.310420328,-0.401197762,3.049331104,22.17843588,8.237558662,71.7227497
100.546875,43.13131464,0.510465559,0.764032202,3.774247492,23.84714855,6.570864936,43.74963963
100.8359375,48.70314693,0.438520247,0.394045852,2.050167224,16.77464717,9.557190793,100.7444386
115.109375,49.90823366,0.18423509,-0.287160818,2.91638796,17.55373115,8.698368758,91.47548363
134.5625,50.55686001,0.008375898,-0.003995953,2.226588629,14.60286986,8.970826222,105.3769401
99.7578125,47.64480331,0.233930127,0.226054597,2.443143813,17.32159742,9.571658681,103.7900397
125.0703125,55.31333807,0.171479177,-0.698137123,2.696488294,19.75503884,8.164457408,71.3517172
114.734375,51.04524408,0.18575046,-0.315544443,2.700668896,16.76402322,9.236027663,103.5519119
120.5859375,40.83666538,0.278742779,0.529107069,5.77006689,29.58361779,5.440727863,29.83522186
71.015625,33.65727642,2.378285668,9.636837204,15.82023411,52.43958421,3.382534948,10.30313808
119.9765625,51.80046827,0.107338187,-0.365161964,1.602842809,15.77868335,10.79714839,125.3919113
97.5546875,37.93370216,0.415158065,1.691766985,2.052675585,13.76206316,9.862356949,128.5517263
119.046875,47.54354244,0.012741208,0.003234809,6.030936455,26.28951645,5.200120869,30.18359677
93.9375,37.64342365,0.284481419,1.655723779,1.75,16.78773267,11.06509167,133.2348717
140.2578125,45.60397565,-0.283837109,-0.006013908,1.91638796,15.40614151,11.11935085,143.1300111
118.265625,40.92322926,0.275852701,0.59346024,3.553511706,23.61996306,7.559612915,61.07963309
115.171875,55.6078779,0.094166154,-0.431832868,3.504180602,23.10328306,7.103304304,52.41635794
108.7578125,47.90954141,0.493223918,0.550313718,2.761705686,19.18744638,9.044777571,92.74061345
110.375,47.02193637,0.277741754,0.18478548,1.240802676,11.92116835,13.87427965,232.9470253
28.546875,29.13139934,5.42187427,34.24317552,56.29598662,85.12440837,1.22915925,-0.059996465
101.3359375,49.19576286,0.588679004,0.572627591,4.85451505,26.99019216,6.453153284,44.42716152
118.140625,52.93329151,0.300602702,-0.249694466,14.41889632,49.91560715,3.357506613,9.824088588
151.703125,42.6670173,-0.264474702,0.686277376,3.444816054,22.10902141,7.759423902,65.22560396
116.2265625,42.48588274,0.273692976,1.259573808,5.403846154,28.59040614,5.787260303,34.78619146
109.875,46.74665763,0.157274165,-0.027049271,1.846153846,14.7522373,11.34845777,150.1584635
120.28125,50.96965051,0.450936946,-0.120424334,4.525919732,24.98588559,6.674592503,47.81728325
