"day","station_id_start","station_id_end","t_start","t_end"
75,2,5,493.14,518.15
280,8,3,484.54,524.99
251,10,5,856.1,853.69
231,6,4,741.71,802.96
52,7,10,494.33,551.76
294,6,10,707.78,756.23
101,11,12,644.83,709.65
100,3,2,527.07,594.37
188,3,11,725.68,748.88
141,2,3,456.33,483.4
258,10,4,932.15,983.08
36,11,8,734.14,790.65
114,3,10,938.5,987.72
276,8,3,547.82,576.26
362,11,5,1074.38,1117.48
273,2,7,536.67,578.9
196,8,11,1071.04,1119.99
86,8,10,826.86,870.86
138,2,12,900.15,926.31
344,1,3,563.28,597.4
211,2,7,752.17,776.86
169,6,8,466.51,503.26
155,5,5,1035.33,1091.61
215,8,10,790.32,820.5
79,5,3,696.15,753.56
30,6,12,684.64,744
339,5,8,1156.36,1170.88
122,8,7,1107.48,1145.62
202,10,9,1156.36,1190.88
205,1,12,584.51,614.58
326,1,3,744.15,799.86
188,4,7,661.33,690.41
342,4,9,1189.64,1234.91
99,11,7,1040.93,1087.3
97,6,11,540.94,596.43
49,1,11,483.82,537.03
242,4,7,835.49,891.34
175,4,3,1097.74,1161.8
303,6,1,1163.54,1173.44
260,6,3,973.67,1007.64
188,2,7,631.51,679.02
142,12,2,771.74,790.34
174,3,5,1097.66,1153.21
145,3,9,1096.01,1146.18
42,4,3,525.94,561.13
183,6,1,1069.05,1093.48
347,6,1,468.19,534.25
74,11,8,836.01,891.5
273,2,5,1095.99,1165.64
142,7,10,952.4,968.88
214,2,6,438.08,491.84
118,8,4,753.43,802.21
271,4,5,844.42,910.11
39,2,1,521.24,522.34
309,6,12,562.11,582.18
357,9,9,525.61,553.39
252,3,3,740.88,764.26
155,2,9,1030.42,1080.51
309,5,9,950.52,968.1
166,6,5,1092.21,1104.79
61,2,5,807.18,879.22
54,5,4,1047.44,1080.41
308,4,10,423.8,438.7
328,3,11,526.17,575.69
240,1,5,478.96,483.02
179,4,10,784.39,839.38
272,8,11,691.47,743.04
76,12,6,667.71,709.85
87,8,11,593.2,634.01
224,3,10,890.01,946.9
335,10,2,711.07,782.17
164,7,5,532.98,580.63
13,2,7,978.16,1051.27
125,1,6,1067.74,1114.4
14,3,1,610.6,619.37
41,3,9,1128.81,1161.09
147,9,8,1034.17,1088.41
64,12,9,940.38,994.16
33,8,1,1098.39,1155.94
260,6,6,530.56,549.32
334,7,1,943.9,1008.11
95,6,4,1024.28,1092.71
10,5,6,854.27,898.3
269,9,8,684.12,712.64
333,12,6,733.59,755.65
219,8,12,1134.66,1178.57
234,6,10,1199.54,1278.92
243,5,3,761.3,822.14
53,7,9,556.91,607.7
363,6,2,458.94,501.29
219,1,10,847.98,922.39
54,6,4,937.16,973.84
123,5,7,900.87,905.03
177,6,4,958.48,1012.19
270,10,7,1044.98,1095.54
142,5,2,909.45,922.06
319,7,8,1149.28,1198.54
274,11,11,512.71,548.76
256,11,1,794.19,838.63
214,12,2,423.2,457.11
168,8,9,905.94,955.51
141,4,4,585.03,629.88
276,5,9,440.71,448.86
95,12,5,628.36,668.87
191,1,2,1199.77,1211.4
331,2,6,985.21,1042.68
259,7,12,958.09,990.68
182,4,11,598.57,640.52
31,11,2,972.96,1026.45
74,12,3,446.03,491.23
170,2,12,1192.1,1259.02
18,7,11,680.01,736.88
154,11,11,861.16,925.82
67,9,2,955.39,1011.76
260,9,11,482.44,517.05
277,6,12,856.98,888.43
182,11,7,782.59,835.11
34,1,3,1120.38,1145.61
143,4,1,904.51,936.86
50,8,8,1012.68,1075.19
309,5,7,490.01,500.6
166,12,10,1065.02,1095.62
105,10,10,555.81,601.04
19,1,12,760.09,839.41
152,10,5,522.25,560.35
94,6,7,866.37,907.96
347,10,5,897.8,959.69
350,9,3,1118.55,1158.6
127,7,12,788.44,812.08
332,10,3,936.46,980.13
323,5,7,1176.3,1232.58
177,3,5,1108.6,1147.25
31,7,1,848.53,898.15
35,12,12,962.63,1024.72
212,1,4,696.47,740.47
308,5,11,462.29,461.77
103,11,9,1099.43,1132.31
68,5,10,796.08,833.24
141,11,5,734.87,765.94
208,6,3,498.02,572.46
351,2,6,1058.38,1126.83
49,6,8,996.09,1039.78
11,9,6,836.58,871.18
149,10,3,476.19,500.1
79,4,2,1121.22,1169.86
349,3,11,567.58,579.33
210,12,7,558.48,564.48
199,12,4,897.6,909.28
194,12,9,892.09,965.64
357,3,3,993.97,1018.36
310,5,12,577.55,636.74
19,3,2,598.01,659.5
218,5,1,1019.16,1077.23
105,1,7,605.45,653.14
295,3,4,552.47,574.36
272,9,4,613.13,677.77
364,10,12,1018.17,1086.14
277,4,5,739.95,783
235,1,10,1144.75,1167.87
122,5,10,944.49,967.83
281,6,10,643.85,714.25
157,11,7,809.11,837.08
313,6,12,1051.9,1106.63
120,11,5,751.9,804.39
346,9,6,1137.43,1214.73
256,2,12,670.2,702.88
199,3,2,1087.23,1120.01
184,10,8,1003.44,1064.62
165,4,12,1118.31,1192.58
352,2,2,1030.53,1084.38
198,6,5,994.99,1056.91
353,9,1,1107.01,1139.63
102,6,7,638.06,678.72
13,12,2,516.99,571.66
330,2,10,448.03,466.98
152,10,5,805.25,860.56
106,7,10,1108.9,1168.64
285,1,10,695.08,761.39
23,10,10,938.75,994.4
152,7,4,620.6,691.69
1,9,12,910.96,965.62
97,8,1,617.93,653.46
241,5,8,581.25,626.9
51,8,10,742.96,795.35
255,2,11,620,676.93
198,12,7,1088.86,1141.77
341,11,6,543.26,549.28
45,6,7,807.4,861.81
121,12,4,1061.97,1118.41
49,9,4,1153.82,1201.5
348,9,3,548.74,584.27
201,7,1,496.9,524.53
353,5,12,864.13,930.55
127,4,1,450.25,523.01
64,2,1,597.82,643.35
223,8,12,1139.38,1201.86
146,3,11,552.18,599.38
25,12,11,1047.38,1098.75
121,3,6,708.29,765.81
341,11,4,580.77,615.03
150,4,10,987.07,1008.59
310,7,8,941.63,999.38
145,3,12,670.36,733.83
126,6,2,727.77,771.29
274,2,8,559.84,606.14
2,2,2,481.41,508.73
161,7,7,504.31,573.2
75,10,9,851.12,917.94
318,12,10,982.38,1065.56
58,8,5,1181.26,1230.83
186,8,8,982.33,1044.48
135,6,2,910.99,923.26
23,8,2,600.52,676.62
276,11,6,653.84,673.77
203,6,3,506.09,574.82
160,3,3,672.18,708.19
334,9,6,438.36,484.34
278,2,2,791.81,809.03
224,5,9,916.77,978.74
263,12,4,968.42,1001.5
186,3,1,448.93,505.84
206,6,3,780.69,842.3
302,12,1,1053.52,1069.87
192,3,1,430.04,462.74
135,1,11,1163.57,1175.67
77,5,4,421.2,473.17
71,7,6,692.67,753.26
237,11,4,871.95,927.95
321,3,6,992.15,1026.43
125,12,1,583,650.32
60,5,7,849.61,909.76
286,7,9,542.05,628.09
291,2,7,814.83,861.31
143,1,9,737.32,782
275,7,5,736.24,802.66
64,7,2,954.71,985.49
156,10,10,449.02,457.01
191,8,11,1193.66,1225.21
161,8,11,690.89,744.58
237,6,11,621.97,681.71
88,10,12,856.08,909.27
113,9,8,1170.59,1175
168,4,1,677.28,749.6
362,3,10,949,978.84
162,7,12,812.14,855.61
321,3,8,1058.26,1112.98
142,3,7,1178.29,1206.8
332,10,6,919.89,986.55
284,9,4,1178.46,1229.86
103,6,7,787.76,837.1
319,1,9,735.63,774.62
128,9,9,739.88,766.42
161,7,1,906.67,979.47
136,9,6,1055.66,1098.05
51,4,9,728.98,782.29
295,6,9,451.07,475.5
222,5,6,861.72,894.12
352,10,9,1147.74,1185.38
85,11,7,428.43,511.06
131,4,11,828.23,842.33
31,7,5,708.11,750.08
150,7,5,660.68,702.85
159,8,4,429.59,484.11
289,6,8,1001.93,1051.82
361,7,4,883.02,941.71
135,9,5,896.55,919.33
231,10,6,483.34,539.41
299,2,12,865.59,902.52
326,1,3,791.42,854.41
163,10,3,426.2,460.96
227,12,12,805.29,870.72
331,11,12,902.52,960.49
204,2,1,996.63,1053.99
57,3,9,1091.94,1131.19
354,6,10,1191.87,1256.28
29,12,11,525.23,590.91
127,4,11,859.96,923.99
55,6,8,1068.21,1113.42
215,5,2,728.54,765.94
279,4,2,893.75,939.12
165,2,10,895.19,954
190,11,2,756.49,797.34
132,11,10,827.27,849.68
263,12,9,641.98,656.11
76,9,4,1175.25,1210.8
340,10,3,1193.18,1252.17
191,11,9,896.96,938.15
141,2,7,702.58,722.23
238,8,3,684.6,731.27
329,3,11,682.76,697.98
229,8,8,1156.73,1182.22
75,6,3,545.65,598.59
118,2,6,1001.67,1051.06
192,8,1,804.79,794.34
223,1,2,615.59,670.44
354,9,12,1081.57,1142.72
218,10,8,985.38,1036.07
187,11,8,886.18,959.28
121,2,6,617.16,671.04
23,12,2,501.48,558.08
61,12,10,804.43,834.83
71,8,10,435.34,506.87
361,1,2,999.08,1074.79
176,10,7,732.92,792.81
250,2,5,452.95,497.06
343,7,4,968.16,986.37
284,12,2,661.18,711.81
305,8,5,1080.27,1081.88
123,12,1,608.21,628.12
133,12,7,758.51,828.24
2,11,5,710.68,740.22
346,2,2,944.13,995.23
38,3,6,463.1,527.74
279,1,1,1071.46,1109.96
292,12,1,624.26,686.31
53,3,11,935.43,987.33
298,1,3,707.32,776.56
123,2,9,958.84,957.95
21,4,5,574.15,625.21
112,12,7,712.64,767.38
124,2,3,707.93,731.75
356,9,6,520.83,547.72
38,8,5,427.46,487.09
91,11,9,1064.33,1108.85
259,11,1,619.25,656.74
97,4,3,1019.38,1080.61
336,1,8,911.55,983.61
331,1,2,995.15,1057.69
35,1,1,707.8,764.12
17,2,6,635.23,690.98
22,2,4,1138.44,1174.89
358,12,11,656.02,728.88
306,7,1,988.05,1030
276,6,9,690.71,728.37
234,7,10,1124.59,1173.57
32,3,6,905.65,948.91
133,11,8,1150.54,1206.91
343,12,8,1163.42,1193.33
71,5,7,800.62,847.26
304,9,4,752.79,818.67
225,9,12,765.77,808.51
226,4,5,431.11,485.04
311,5,12,644.41,650.89
168,9,11,915.36,972.68
12,5,5,906.03,924.19
305,11,12,993.06,1006.21
278,12,8,779.53,811.85
221,8,4,448.98,533.43
347,9,9,980.43,1023.64
275,3,6,796.52,847.51
86,7,7,530.37,586.14
250,4,3,956.98,1008.85
267,9,9,1019.55,1075.51
22,8,10,851.77,916.41
264,10,6,970.29,1018.14
110,7,12,431.55,498.27
352,12,12,1019.19,1084.8
19,9,7,1090.99,1139.06
42,7,3,937.24,978.35
245,9,7,799.96,824.06
272,11,5,621.34,692.24
32,5,9,469.58,496.21
124,4,2,1047.47,1069.35
4,9,2,801.11,841.55
94,5,10,616.79,660.45
103,5,4,748.2,791.61
13,6,1,463.16,531.12
143,10,10,452.14,507.45
49,11,2,812.82,876.52
34,11,1,1182.27,1208.53
13,9,11,1021.87,1082.6
341,8,11,740.84,753.3
280,12,10,1191.55,1232.3
253,12,1,1096.64,1141.08
177,12,10,600.93,674.52
364,5,1,550.74,592.04
165,9,11,939.27,991.95
11,11,10,506.7,540.03
253,2,11,460.83,512.07
147,8,2,678.74,738.33
63,4,12,666.69,733.75
215,1,7,841.46,885.48
14,10,10,628.36,618.07
192,12,9,736.62,767.2
243,2,7,924.11,961.53
170,6,5,438.03,479.46
3,1,9,424.06,436.64
353,1,8,540.66,590.77
122,8,7,580.38,619.96
222,10,11,1012.65,1081.33
191,8,4,1001.62,1033.19
48,6,2,629.32,698.33
176,4,1,1180.22,1233.4
174,9,9,667.87,721.79
7,10,12,1182.78,1233.68
268,11,3,443.16,490.54
339,5,1,602.36,620.77
28,7,5,660.28,664.01
307,10,4,1123.11,1176.84
254,3,9,485.36,527.9
136,5,7,1144.2,1191.44
339,3,2,1085.05,1110.48
174,5,7,590.47,622.06
339,3,12,561.28,588.81
37,3,6,894.94,952.19
106,6,11,848.14,901.61
155,4,12,529.13,571.73
179,6,2,1011.11,1058.98
357,12,8,434.02,467.5
27,3,3,763.31,787.35
126,10,10,1053.1,1101.61
166,9,3,620.4,636.51
278,1,10,526.5,527.74
12,2,2,1144.19,1173.6
321,10,1,1185.77,1249.95
160,2,3,723.27,781.88
28,5,5,629.37,655.96
240,5,8,704.1,724.91
289,7,8,687.6,711.3
297,8,10,536.27,542.4
66,9,12,1100.59,1169.11
225,10,4,635.58,684.96
280,6,7,923.75,994.73
347,12,5,1115.62,1152.82
152,11,2,1085.88,1135.84
135,9,7,582.26,594.32
208,1,7,1175.04,1220.9
270,1,3,804.24,846.57
323,7,4,883.77,943.04
132,12,8,1077.98,1105.08
260,3,8,983.79,1010.58
170,11,11,995.14,1052.53
323,8,8,722.44,783.15
201,4,7,843.61,878.65
153,12,7,1046.47,1115.24
25,8,1,1072.9,1115.05
82,1,11,785.2,827.93
3,2,3,485.89,513.55
283,2,4,963.24,976.68
215,7,2,909.61,944.79
171,6,12,626.66,661.85
86,6,12,551.65,601.97
119,2,1,699.3,751.89
321,9,5,523,578.11
6,1,3,822.08,835.25
112,12,9,970.64,1026.79
203,6,2,448.1,499.09
64,8,12,1066.25,1139.94
214,2,9,534.22,584.01
223,12,2,928.14,967.71
114,11,7,933.88,994.46
244,1,10,755.59,787.38
354,8,8,1083.14,1145.38
24,11,3,1112.63,1150.58
57,11,6,565.2,618.62
287,3,5,760.63,802.94
71,3,7,551.25,592.82
97,1,8,913.99,979.95
41,4,10,584.57,633.42
52,9,6,993.64,1043.65
291,6,7,1127.3,1163.26
311,2,12,653.72,672.01
357,2,2,899.74,910.91
152,1,4,1130.51,1190.51
182,4,3,479.58,530.17
279,3,5,667.66,707.21
82,7,6,1141.8,1190.91
225,4,10,934.82,1007.59
88,8,10,986.47,1052.91
127,5,12,1039.67,1108.96
181,12,6,1173.91,1207.53
90,3,7,876.05,919.53
17,11,10,664.45,729
54,4,9,465.18,500.98
214,3,5,592.95,632.21
297,9,3,1037.13,1068.29
296,12,9,779.71,838.01
349,5,10,421.62,455.1
35,9,12,445.58,500.53
192,10,2,808.68,806.98
187,1,1,775.83,832.24
324,12,11,877.53,942.81
284,7,8,801.13,848.13
265,11,2,467.07,538.46
91,12,1,703.74,767.78
308,6,7,828.23,836.63
161,4,8,652.8,684.71
97,10,4,782.18,828.03
114,10,9,797.96,855.55
48,2,5,837.19,915.17
185,1,10,1056.51,1054.14
312,12,8,569.16,600.1
107,12,11,990.52,1016.81
114,12,10,531.26,575.84
243,10,11,574.06,642.93
337,7,8,595.76,669.21
27,12,3,659.31,705.55
315,11,11,584.91,628.75
113,11,3,1098.5,1118.53
58,8,8,551.82,589.41
301,10,4,465.28,530.03
328,2,10,546.16,584.11
141,11,1,834.85,850.5
259,8,4,560.57,599.54
190,8,8,492.29,549.97
352,12,3,736.13,780.27
286,8,6,1033.62,1056.35
123,6,10,607.29,633.51
71,1,2,890.53,945.77
217,5,1,804.5,834.13
254,3,8,1153.88,1195.18
162,12,11,841.07,894.03
318,5,8,884.78,938.08
65,9,7,493.62,559.62
280,8,1,667.62,727.96
272,7,10,1028.91,1090.27
124,2,10,874.49,877.56
283,12,1,659.73,684.59
125,7,4,1088.6,1133.3
219,11,9,1095.24,1141.6
49,2,4,454.13,530.19
333,2,9,457.86,449.88
83,7,4,1179.12,1234.85
338,2,1,878.25,937.08
19,7,5,676.61,745.78
289,8,8,1052.1,1089.88
137,11,5,803.21,834.44
316,5,5,750.92,806.49
118,11,3,763.31,802.87
95,12,11,545.09,628.47
279,9,5,921.56,977.8
3,10,5,1015.03,1032.51
57,8,11,817.8,884.95
140,9,7,791.03,857.2
261,9,1,814.54,876.67
103,7,2,713.05,748.47
242,7,2,1154.57,1221.3
202,6,10,1178.18,1208.3
175,7,9,1092.38,1143.45
105,6,10,441,500.05
328,10,6,681.89,741.09
316,8,8,651.02,691.55
176,9,3,597.98,657.88
86,6,6,691.14,767.02
264,3,2,706.55,763.73
273,2,4,886.04,951.01
199,2,4,1015.04,1001.45
245,7,1,826.53,839.57
253,12,8,1133.42,1188.19
190,9,5,1195.85,1264.41
228,10,3,678.47,733.11
115,11,9,815.83,884.85
83,5,7,924.67,980.97
245,4,11,1167.68,1191.92
304,3,10,905.57,946.27
216,9,9,985.28,999.71
258,4,4,868.52,945.71
183,5,11,1087.67,1105.25
299,5,8,676.39,682.99
307,10,11,1040.33,1085.76
53,12,3,891.42,970.98
280,6,11,664.64,737.07
94,11,10,959.9,1010.68
359,3,4,1155.98,1190.99
8,8,2,694.15,744.4
34,9,6,1031.13,1051.79
55,5,10,1029.64,1079.16
14,2,4,781.47,782.53
166,6,9,795.97,846.82
206,9,12,980.1,1053.32
6,4,12,492.77,517.47
235,12,10,1131.05,1172.39
309,9,10,761.93,788.39
331,5,3,845.53,902.26
60,9,4,1147.17,1211.38
37,9,8,605.35,674.09
184,5,2,582.25,657.14
204,10,10,541.25,603.25
182,7,5,1094.34,1146.17
182,1,11,1119.95,1167.27
154,2,12,514.16,580.8
261,12,1,830.8,877.66
224,4,4,481.4,516.67
168,4,10,973.01,1033.81
8,4,5,726.57,796
324,9,11,473.52,539.94
218,2,11,941.37,1006.94
109,2,1,853.61,931.85
160,4,12,714.28,750.28
312,10,6,673.03,697.38
278,4,4,955.3,1003.06
53,3,12,672.07,735.98
40,8,11,1080.7,1141.93
27,2,11,618.45,642.84
27,2,5,964.64,997.9
340,9,11,1011.19,1070.69
95,5,9,796.19,846.76
330,12,1,757.98,799.93
187,12,7,492.31,546.14
95,11,9,930.46,987.79
32,11,2,854.78,932.62
105,3,12,1064.26,1112.18
45,1,4,436.27,485.4
191,8,2,1112.7,1146.27
126,3,9,1015.85,1061.23
217,7,2,1017.42,1052.03
295,9,9,586.9,608.16
167,7,12,764.93,806.72
154,11,10,601.05,659.29
336,3,6,844.58,906.51
154,2,10,1081.59,1123.8
164,11,9,806,860.6
349,8,3,1085.84,1110.27
288,9,4,440.46,476.13
225,8,2,527.54,574.7
96,2,5,704.68,726.3
29,9,5,555.23,600.5
81,12,11,582.42,581.97
293,7,2,492.47,502.8
197,7,1,695.86,750.62
181,4,3,556.69,616.98
322,10,5,462.75,520.86
64,5,5,823.77,900.69
2,2,4,422.15,456.81
136,9,10,814.27,877.29
111,11,4,526.97,589.57
157,11,3,978.52,1004.9
10,8,6,1142.81,1185.76
78,12,12,1184.6,1236.05
303,1,11,798.08,826.26
304,6,2,1149.35,1203.49
361,3,1,888.64,944.64
71,4,3,701.4,755.46
169,3,2,487.9,539.83
152,6,1,769.78,840.27
222,5,2,554.78,621.89
30,11,7,722.83,766.75
284,2,10,483.21,546.54
48,6,1,1059.95,1122.91
30,8,5,745.56,793.91
313,1,11,640.09,677.44
269,10,4,1035.75,1102.34
54,2,10,725.99,754.13
32,12,12,947.12,1000.21
66,10,11,1089.54,1136.62
279,5,10,1123.64,1171.45
127,1,10,1194.9,1241.45
297,12,6,652.2,692.32
264,2,8,993.28,1059.74
54,6,9,606.92,654.57
51,10,5,594.39,653.25
29,10,8,428.95,485.52
130,7,7,673.03,730.15
324,7,7,909.74,965.34
242,9,10,1018.41,1078.4
48,9,12,680.07,735.62
301,9,5,971.22,1032.71
348,8,6,555.05,599.28
303,3,12,991.89,1017.68
322,11,7,1131.34,1199.63
241,3,3,1116.06,1157.96
7,7,1,746.32,800.63
184,2,8,835.11,884.44
171,10,3,591.01,643.39
328,10,3,723.76,786.16
236,8,7,1117.95,1168.89
56,3,10,1064.05,1116.08
168,10,11,981.96,1019.41
193,4,2,871.38,921.53
206,4,5,1052.87,1099.08
248,6,11,1182.88,1215.35
168,10,11,1047.19,1107.42
140,8,5,996.14,1050.17
306,11,4,814.4,872.99
187,8,1,1089.49,1139.08
220,9,10,1126.03,1171.77
165,8,7,968.48,1005.2
315,12,2,1068.3,1129.55
268,5,3,1097.14,1138.79
42,12,2,738.93,782.99
187,2,11,1107.47,1156.83
322,12,9,978.03,1011.57
321,10,9,1190.07,1246.68
341,3,6,1063.04,1080.72
136,1,1,684.29,753.42
290,6,5,732.97,795.14
20,9,3,921.94,977.5
296,2,11,712.24,771.99
136,9,8,1164.26,1199.5
65,5,11,584.1,633.7
49,8,6,610.82,647.46
14,11,12,919.55,942.72
51,7,8,678.72,717.67
362,4,8,1195.18,1226.4
50,5,8,563.91,614.74
307,3,2,721.26,771.26
240,11,5,949.88,957.35
93,10,12,1119,1156.88
135,3,4,628.97,626.7
349,8,8,622.8,635.43
268,1,8,692.17,754.29
117,7,11,429.02,440.47
43,12,3,795,851.69
92,11,8,764.18,794.71
178,4,1,857.09,878.78
290,1,12,861.6,913.06
199,9,12,1144.87,1152.63
95,12,10,1129.55,1186.7
185,6,2,715.21,738.7
302,11,12,1054.92,1076.07
81,9,2,858.59,854.29
255,2,10,585.17,650.75
76,5,11,1155.84,1184.91
294,7,9,741.2,795.4
129,5,11,708.83,774.63
60,5,5,598.96,651.99
134,3,9,621.66,665.65
84,11,4,544.89,581.34
224,6,3,889.52,931.77
247,1,4,545.49,595.99
152,3,11,1043.07,1095.41
232,5,9,500.38,520.19
73,6,7,482.06,538.75
320,9,10,515.61,569.29
208,5,2,481.04,526.7
279,12,6,1191.59,1229.57
201,6,4,632.78,666.56
324,8,4,977.87,1026.95
233,4,11,976.3,1050.47
227,2,12,566.45,619.94
309,5,9,1078.74,1114.83
132,4,7,798.24,827.9
145,5,2,764.9,814.72
331,11,11,775.24,845.81
298,7,4,655.86,709.72
25,8,12,981.52,1033.19
67,2,10,1008.06,1056.84
325,4,4,565.52,640.69
182,12,12,1097.07,1149.84
320,12,4,433.2,480.45
292,3,10,624.63,675.1
165,10,9,1039.8,1106.57
256,9,10,888.86,925.72
252,3,11,1027.73,1067.45
204,9,4,624.03,684.79
126,3,11,697.01,758.13
229,8,8,843.05,871.05
291,7,7,1168.34,1214.02
83,1,9,1183.97,1236.05
362,10,6,674.79,709.81
258,9,1,771,824.76
116,5,4,943.34,939.54
59,2,3,983.38,1051.66
76,6,9,431.58,453.24
104,10,8,1028.64,1084.69
115,8,7,1186.77,1268.67
189,10,4,1051.28,1104.81
99,4,12,788.68,863.58
9,3,12,1019.12,1041.42
33,10,4,483.79,520.64
337,6,8,496.4,549.53
27,12,12,964.07,996.76
245,1,11,520.49,513.28
253,1,11,873.36,940.91
51,12,10,786.69,849.63
204,4,12,1165.87,1222.75
80,2,8,544.77,572.93
340,1,7,906.17,942.72
357,8,2,813.3,844.54
242,12,5,1034.09,1094.66
331,5,10,692.69,734.83
82,5,9,813.08,866.42
192,11,2,1006.58,1031.99
3,5,3,1183.42,1218.07
78,2,12,538.3,581.76
253,11,12,654.16,699.38
329,7,4,855.6,877.09
135,7,9,679.03,709.63
326,7,5,589.52,634.36
82,1,5,703.95,768.8
32,4,5,489.39,557.23
309,4,3,1070.4,1098.72
355,2,11,1131.83,1140.38
307,5,10,1093.98,1151.06
304,10,4,740.22,803.34
38,5,8,704.5,743.77
86,2,7,515.07,572.02
77,8,8,911.62,971.17
194,12,11,798.77,840.05
147,2,1,1179.4,1218.63
202,11,8,1187.2,1182.01
247,11,8,1180.29,1245.64
295,8,3,909.87,908.86
78,8,4,1196.45,1267.98
37,7,7,953.03,1020.24
336,2,11,822.29,867.29
279,6,6,573.12,627.21
309,3,2,1153.38,1189.16
136,11,10,671.25,725.54
291,5,12,735.82,756.57
112,1,4,681.27,729.1
174,4,8,630.56,695.96
200,10,5,663.87,691.58
40,3,3,1011.94,1080.56
268,9,6,674.35,728.53
326,2,8,847.1,898.09
196,10,10,1138.2,1182.56
362,5,9,593.95,606.48
157,11,8,808.08,824.56
151,7,10,849.69,920.54
204,6,6,831.29,890.91
38,8,8,519.96,571.52
91,12,9,1098.41,1158.82
113,6,6,833.4,851.38
138,11,1,444.64,480.18
248,8,6,887.79,917.11
326,7,1,757.31,792.85
125,3,1,1147.12,1208.01
310,10,11,695.99,732.13
289,7,1,1077.28,1118.78
201,11,5,585.5,614.69
126,5,1,901.96,951.28
196,11,12,890.28,951.2
351,4,1,1167.1,1202.51
301,3,10,708.99,770.79
4,5,10,673.86,706.56
333,3,7,741.63,763.11
57,8,4,781.68,842.49
290,2,9,503.76,555.97
251,12,2,584.22,601.18
217,9,6,681.24,703.1
168,3,12,928.34,994.56
304,6,3,636.18,705.68
267,9,1,536.9,599.66
317,9,5,894.95,963.51
151,10,12,939.73,1003.72
135,7,10,559.97,571.96
81,5,2,690.63,725.52
242,9,1,998.97,1047.54
115,1,7,855.57,921.81
185,12,8,860.04,881.83
178,10,10,430.33,453.22
152,1,9,662.81,717.95
8,1,9,1128.02,1178.55
327,5,9,455.3,511.37
87,3,6,597.96,643.19
203,4,2,455.2,525.97
120,2,6,639.24,703.88
170,10,1,760.97,822.08
56,11,4,551.34,591.33
100,9,7,967.66,990.57
19,9,3,954.65,1000.08
62,10,11,725.38,784.13
321,8,8,823.26,882.23
254,2,1,1103.08,1151
77,1,8,572.22,635.62
284,12,12,635.66,685.91
305,6,3,740.65,746.59
24,5,1,1040.57,1097.18
22,1,2,708.81,764.08
324,3,9,421.41,474.77
233,9,1,1084.21,1141.87
84,2,8,1146.28,1166.26
198,12,3,1098.78,1150.76
313,1,1,1122.65,1201.29
162,4,5,1048.51,1071.64
278,8,9,905.84,908.53
136,10,8,924.2,986.06
295,8,12,905.41,947.99
126,4,5,692.03,720.94
295,1,12,520.2,533.46
94,4,6,437.13,501.4
250,10,4,503.37,578.87
59,4,12,735.04,804.98
262,5,6,616.34,666.93
72,6,12,809.5,866.13
16,4,11,907.46,954.74
286,1,9,1020.07,1071.13
150,4,8,727.93,774.78
54,10,8,716.71,733.77
223,4,12,1106.62,1143.59
144,1,4,549.19,605.86
127,6,12,821.31,866.49
171,12,8,789.25,845.46
131,4,12,601.57,596.91
157,12,4,800.59,835.19
87,1,6,863.38,928.7
27,5,6,745.6,774.63
252,4,3,1018.76,1044.38
117,11,2,1132.89,1147.42
244,7,4,630.93,644.72
174,11,12,528.47,581.36
111,9,11,597.13,639.91
340,6,5,574.27,622.87
243,9,10,978.35,1013.23
81,11,8,925.48,955.9
334,12,5,1186.53,1270.4
199,3,1,861.47,883.18
154,10,9,1124.27,1188.79
354,7,7,461.55,504.84
246,10,8,451.58,498.63
180,1,8,458.36,510.6
220,9,5,1070.51,1129.31
100,6,12,770.73,810.41
276,10,2,1044.6,1063.88
75,5,2,427.82,492.43
110,8,11,787.74,838.33
27,2,2,957.21,985.27
267,9,6,661.41,713.13
117,9,10,870.33,904.63
119,9,10,791.71,879.79
145,12,3,1027.87,1070.02
312,12,9,1126.55,1158.91
64,5,11,932.62,986.29
285,12,1,1091.09,1140.45
304,10,7,533.96,599.46
223,3,7,614.59,666.08
20,12,1,894.01,943.77
21,7,3,1161.21,1222.9
187,11,2,1120.73,1189.29
80,3,8,435.51,456.98
29,1,4,520.66,565.39
348,10,1,967.12,997.26
321,2,1,744.76,792.6
133,9,3,721.85,757.8
316,7,10,462.04,514.94
91,2,4,595.38,671.61
169,9,8,811.82,848.92
224,4,11,741.35,802.89
362,10,5,997.45,1033.11
137,12,3,455.78,455.89
72,4,1,510.53,550.71
135,8,4,822.37,852.89
129,7,5,897.86,938.69
174,2,11,850.19,912.58
55,11,9,632.23,687.34
159,3,9,589.04,652.41
128,3,1,598.19,638.61
362,12,3,446.6,469.67
305,8,8,784.61,813.96
297,4,7,617.73,647.01
119,10,11,1153.23,1203.52
331,5,5,1101.43,1139.26
32,2,12,577.12,631.06
205,1,11,758.21,792.73
107,9,12,982.37,1059.55
38,8,6,852.82,911.33
156,2,4,859.85,881.52
115,12,4,1149.31,1205.89
54,1,12,1129.88,1151.75
86,3,10,607.26,658.29
110,6,2,564.85,607.25
171,1,10,954.93,1009.33
45,6,2,1098.38,1154.76
209,9,6,425.79,459.97
153,5,7,798.8,837.28
129,11,9,1106.05,1176.4
144,10,12,903.33,944.26
339,9,7,870.44,887.54
90,5,6,913.33,980.37
159,6,9,835.95,898.29
131,11,3,504.38,513.28
223,5,10,441.53,505.03
150,2,9,745.05,795.5
315,8,3,886.51,941.5
351,6,4,579.68,616.91
9,11,6,831.41,860.2
98,11,2,898.76,962.94
88,12,4,566.16,616.05
129,12,9,1062.66,1131.5
311,7,2,709.59,713.96
232,9,7,781.29,804.34
245,9,3,1172.28,1186.56
92,6,7,427.73,453.37
174,6,11,651.52,715.31
164,1,9,463.98,522.6
132,10,8,760.76,793.39
340,10,1,986.56,1041.55
229,8,10,610.54,642.65
86,8,10,506.57,560.58
200,3,6,1146.33,1191.15
66,4,1,1059.01,1126.74
165,2,5,446.44,482.34
203,10,10,1184.07,1220.21
162,12,5,980.26,1009.95
156,4,4,864.34,887.8
148,2,1,1039.17,1089.1
352,5,4,794.85,833.08
188,10,1,1052.77,1084
68,8,8,544.62,572.8
325,2,8,845.32,880
299,12,6,798.55,835.11
65,9,5,985.87,1045.9
205,5,1,610.04,632.11
321,3,5,529.14,590.95
203,4,12,532.21,597.64
100,7,6,802.97,863.79
265,5,7,641.84,695.67
80,1,2,864.87,882.12
284,1,4,1118.14,1175.96
227,4,10,792.78,851.92
352,12,3,977.89,1036.73
146,3,9,703.97,725.01
278,4,10,521.89,532.03
120,9,1,1012.54,1065.54
8,2,5,938.19,989.8
138,3,6,633.56,655.22
133,9,6,698.53,756.51
55,10,1,594.81,654.74
25,10,6,498.18,565.97
213,11,3,921.51,974.65
60,4,1,965.34,1017.73
175,2,7,1009.68,1064.64
249,5,8,866.35,890.03
324,5,6,839.05,888.18
24,6,2,664.66,716.06
65,6,7,806.06,855.07
6,3,5,478.87,499.25
338,8,3,781.17,820.8
131,4,4,630,649.32
231,2,5,795.64,858.24
62,4,5,1024.35,1067.63
70,3,4,1105.4,1141.2
339,10,5,1051.46,1085.26
329,7,5,763.65,786.53
197,5,6,1174.46,1236.27
256,8,6,995.08,1011.02
124,5,9,1169.72,1189.95
71,8,11,742.19,818.33
327,2,6,586.66,647.28
183,9,3,989.88,1007.74
55,9,2,1135.85,1179.58
172,8,7,1032.16,1059.51
21,3,8,820.2,897.26
250,5,8,1159.29,1198.81
277,5,6,608.31,676.64
222,3,5,516.13,554.01
315,9,10,776.18,834.97
242,6,7,874.01,937.16
295,2,11,716.88,742.17
31,4,2,673.38,720.69
214,1,6,428.21,487.59
138,11,11,882.73,913.24
329,10,10,859.56,909.03
16,1,3,616.83,679.48
72,10,10,1040.12,1085.3
253,5,4,995.36,1056.23
60,6,7,628.35,689.88
246,3,11,1172.79,1208.18
195,2,9,736.44,804.66
162,12,1,1165.14,1225.43
166,6,2,875.36,915.95
362,4,10,1188.45,1201.05
113,8,12,768.09,809.73
315,1,8,1130.56,1191.99
204,9,5,1158.3,1209.93
170,11,6,814.09,867.97
100,5,10,544.2,596.71
275,3,4,1012.34,1079.61
157,8,12,952.51,982.23
50,2,10,833.94,880.81
52,7,8,762.61,820.79
350,9,4,597.74,666.38
203,5,6,582.26,634.91
50,7,7,959.42,998.55
219,10,5,439.95,466.58
282,6,12,443.7,490.1
65,1,3,720.97,774.47
186,2,2,878.22,922.23
278,5,10,1058.8,1072.26
104,2,11,456.8,514.64
124,8,5,1126.11,1154.57
86,12,12,663.42,729.34
100,9,9,603.64,644.65
137,12,4,1189.61,1216.03
279,5,6,964.29,1022.74
106,5,7,1031.1,1085.52
36,11,1,1068.96,1129.42
357,11,1,867.89,902.95
50,7,11,992.55,1051.1
192,9,7,665.08,668.72
148,5,2,528.1,572.51
59,11,8,791.06,862.12
277,2,10,1160.23,1220.62
70,7,10,868.83,898.94
86,11,3,521.58,596.07
351,9,3,697.17,746.34
182,8,12,996.77,1067.1
5,8,10,691,736.34
305,9,2,1182.59,1187.71
251,5,5,505.61,537.16
21,9,5,1018.59,1067.47
26,3,8,1129.41,1201.5
239,7,8,478.35,530.57
334,5,6,753.48,833.46
148,3,7,936.37,979.71
95,2,8,601.04,633.85
117,4,3,547.62,558.26
227,7,8,640.29,697.37
239,8,8,727.64,790.75
92,12,3,909.28,921.34
117,12,8,658.11,681.49
228,1,4,918.26,987.76
16,2,2,1088.16,1147.75
343,7,11,997.93,1021.55
202,9,1,646.73,675.41
189,2,3,543.21,600.23
328,10,3,1023.84,1075.6
213,10,5,535.61,604.39
47,3,5,785.03,806.5
194,4,3,661.63,718.15
283,7,3,489.5,504.9
210,9,2,625.86,646.87
182,3,7,618.81,669.25
156,3,8,731.73,756.61
124,5,8,926.14,964.77
15,1,2,605.36,660.35
302,4,10,601.74,609.47
364,3,10,923.05,985.99
15,11,10,953.39,1036.02
338,8,12,482.71,517.67
313,9,5,712.39,769.46
247,10,12,1089.64,1145.17
340,8,7,1196,1245.69
32,5,8,445.34,495.28
241,4,9,525.4,576.29
236,2,12,436.97,480.43
137,11,9,692.51,710.56
298,7,5,1051.69,1096.28
224,7,11,630.57,688.54
361,11,1,883.09,925.07
254,3,12,1023.12,1066.49
124,11,11,558.68,577.65
118,8,5,1100.36,1164.03
5,9,4,801.49,854.93
292,4,2,1070.88,1133.91
288,9,2,1001.01,1057.16
331,7,3,515.34,579.83
96,6,11,952.92,978.28
269,4,5,1163.5,1201.95
79,11,1,933.34,976.07
245,10,11,594.8,603.53
21,5,6,923.64,978.65
21,11,12,1158.65,1230.05
347,3,1,714.24,767.34
209,8,4,858.85,902.4
221,10,11,1073.16,1139.7
306,12,6,694.32,763.71
309,10,10,911.55,945.62
85,6,10,1149.17,1209.75
348,5,7,1003.57,1023.12
259,9,3,1069.92,1097.26
199,8,11,640.04,659.42
76,4,9,1117.86,1149.92
184,5,9,854.21,908.01
321,1,8,1080.38,1159.64
2,7,4,989.49,1042
324,9,1,1084.73,1131.58
39,3,6,830.22,861.83
15,3,8,911.48,955.44
209,12,5,973.54,1021.82
17,11,11,775.02,856.66
161,11,2,508.46,566.15
92,6,5,841.61,857.47
325,8,5,994.91,1058.96
245,12,1,519.1,540.16
246,11,12,619.03,654.29
176,4,12,990.15,1036.08
230,8,9,1129.02,1175.15
280,10,3,484.51,536.68
189,11,1,1166.19,1212.27
243,2,7,848.13,894.85
2,9,6,956.2,968.32
117,9,6,859.73,882.18
96,7,8,851.4,863.35
354,4,9,1112.91,1176.05
115,5,10,706.16,752.32
118,5,4,448.36,483.07
5,3,1,1199.16,1250.7
269,2,7,1102.65,1146.62
173,7,1,1188.86,1234.51
110,9,4,996.19,1053.47
116,3,5,502.41,516.96
82,5,8,726.37,758.68
168,6,11,832.49,888.95
113,8,10,820.78,827.36
28,10,6,815.06,824.75
350,6,6,483.48,544.34
125,9,6,986.83,1052.28
45,5,2,445.18,496.91
199,8,4,665.19,669.56
67,5,9,492.5,551.43
281,8,12,973.56,1012.97
337,12,4,835.55,884.84
87,12,1,512.4,566.97
5,7,2,953.8,1000.93
91,6,2,1165.96,1223.22
92,6,11,890.17,918.77
223,2,5,1077.89,1112.64
224,9,5,614.92,650.21
168,8,9,1019.03,1069.96
103,2,9,592.82,652.99
301,10,3,576.14,644.97
333,4,8,504.49,532.33
175,1,10,737.24,796.31
338,4,3,802.59,851.47
14,12,5,1137.2,1166.89
237,4,3,530.5,583.19
121,5,7,758.84,786.71
345,10,12,1011.68,1081.68
39,7,3,880.32,921.7
8,1,4,1033.85,1090.78
138,2,1,1164.16,1198.69
201,11,7,794.64,842.7
111,11,6,1035.47,1078.29
135,6,8,886.74,910.53
171,7,5,935.61,999.31
109,11,4,1065.38,1117.35
206,6,12,559.66,637.86
334,4,7,1148.11,1211.41
44,5,2,1092.91,1125.07
338,11,12,847.68,901.75
34,2,3,922.59,958.94
136,2,10,688.4,737.12
16,10,4,884.04,942.46
76,4,8,1072.58,1107.26
159,6,6,857.33,924.32
210,3,8,993.99,996.31
167,9,4,971.49,1026.18
320,2,4,1033.16,1069.83
321,6,7,1024.53,1062.09
109,11,3,1148.76,1199.62
21,8,3,849.76,910.71
236,9,11,608.62,659.91
265,10,10,438.12,507.17
123,8,10,685.57,695.14
111,11,2,1098.34,1154.67
190,2,2,598.66,650.65
251,2,3,585.03,611.58
228,5,11,857.94,920.24
330,9,2,840.64,868.91
22,8,10,424.75,483.09
360,4,1,746.8,808.59
280,11,2,1126.06,1187.75
246,11,8,1007.55,1047.47
352,12,8,1084.57,1143.45
345,9,12,1113.6,1160.61
20,3,4,805.73,867.88
204,12,3,1142.38,1194.6
357,8,11,436.69,464.18
253,4,1,1004.18,1062.64
336,11,2,762.22,842.08
323,12,3,495.85,550.22
298,8,5,1006,1055.64
342,8,10,820.4,878.33
200,4,12,1174.8,1189.99
180,1,8,1170.62,1210.28
222,8,1,1175.1,1227.05
104,6,2,666.97,726.38
355,6,12,812.04,835.22
293,3,8,642.76,645.48
28,2,7,566.91,592.36
183,7,2,666.06,681.14
63,11,3,1145.33,1196.97
191,8,4,924.17,959.14
166,3,5,1133.87,1144.43
234,10,1,873.64,952.79
106,1,3,1128.76,1176.18
315,12,12,859.21,904.75
128,6,11,1072.8,1097.75
286,3,9,902.1,932.22
352,7,6,423.77,487.28
117,2,1,1172.51,1188.93
298,11,9,834.09,875.93
198,1,12,1041.15,1096.53
45,5,1,662.95,732.75
229,3,6,745.7,756.18
96,8,2,924.1,946.5
83,8,2,1148.67,1203.42
186,5,10,974.01,1041.06
7,7,11,535.83,593.61
87,12,10,931.35,981.8
217,6,10,575.44,604.12
100,10,1,718.73,771.61
125,10,10,610.33,687.96
262,9,5,775.05,833.03
159,5,5,924.93,975.41
271,8,9,717.6,770.76
312,7,10,620.93,657.77
232,8,2,727.02,763.73
60,6,4,900.03,956.94
95,10,3,923.29,952.91
72,1,7,1012.61,1071.06
242,9,2,605.04,670.38
58,9,6,692.95,772.81
24,11,7,499.22,540.67
156,6,12,723.19,737.84
139,10,3,701.51,745.23
123,12,5,576.33,620.2
247,10,6,574.69,633.85
83,4,3,923.21,957.71
2,4,8,956.33,993.25
117,4,9,905.94,930.23
362,12,1,640.75,657.52
307,7,2,804.55,850.42
178,1,3,1015.82,1043.62
14,11,10,809.82,839.38
228,4,3,611.96,676.97
2,10,1,601.4,622.28
241,1,5,859.64,896.29
341,4,12,955.86,977.21
337,1,5,649.45,697.34
218,10,2,648.23,692.82
236,8,11,515.72,582.43
334,12,2,1094,1164.61
111,7,8,880.64,938.65
210,9,10,581.22,575.29
41,7,6,871.06,925.37
309,10,3,900.46,937.79
162,2,6,1154.62,1165.31
282,1,11,964.15,1008.35
319,9,1,924.04,992.56
10,12,12,666.19,683.06
88,2,3,1103.71,1151.94
151,4,7,727.08,774.27
172,6,6,1048.69,1078.77
193,10,2,1199.03,1269.11
328,4,2,734.77,800.42
64,3,2,472.48,513.73
322,8,5,467.96,534.1
325,3,2,748.82,796.79
128,12,4,759.17,806.5
147,7,6,1145.4,1200.41
245,3,8,638.94,654.56
312,12,5,1145.08,1174.55
87,8,1,954.09,1028.07
361,2,8,912.3,977.81
327,8,3,752.12,793.58
99,9,10,843.35,881.43
94,4,7,1185.48,1247.22
134,6,2,1187.68,1230.53
159,8,12,480.08,523.29
141,2,4,963.74,999.66
118,11,10,988.9,1040.17
87,1,3,906.63,941.47
112,11,12,1011.81,1078.36
34,4,11,1060.18,1075.24
157,4,1,1100.37,1139.31
37,4,5,974.33,1019.98
255,6,11,490.58,540.3
268,1,7,977.5,1037.38
61,6,5,1083.09,1140.47
288,9,9,939.58,984.3
178,5,10,934.51,960.12
172,4,6,830.12,848.53
215,10,2,880.94,909.6
179,6,6,613.66,663.39
154,2,4,708.05,770.58
120,8,12,1145.91,1194.64
78,5,1,445.42,478.42
214,9,10,972.65,1023.36
43,8,1,552.25,615.63
261,7,9,931.02,998.58
295,9,7,480.5,520.06
191,1,8,510.61,563.22
166,5,12,1015.08,1032.84
46,3,6,1117.08,1160.33
245,4,2,804.99,817.68
74,6,2,541.51,608.8
57,8,1,902.55,972.8
55,7,11,854.74,891.38
147,6,7,484.17,521.03
236,8,9,774.77,849.93
321,5,7,882.82,925.46
332,11,1,1060.29,1124.28
120,8,3,1039.74,1113.51
312,9,9,651.9,675.71
314,3,11,484.21,531.14
173,7,4,1149.1,1203.16
16,8,7,751.7,790.72
320,2,5,984.99,1059.63
170,5,4,510.77,556.15
63,2,10,1072.15,1115.98
171,12,2,943.65,1006.38
122,9,12,959.53,978.35
294,5,12,996.57,1060.2
48,2,3,620.41,687.44
166,5,2,1018.59,1039.73
134,10,12,530.5,585.77
37,5,2,1044.56,1106.77
60,2,8,671.83,738.02
140,12,3,566.52,626.15
27,10,8,464.18,499.17
117,12,12,1047.88,1091.25
23,11,9,962,1006.52
326,7,11,968.01,1011.73
94,5,9,647.29,729.17
182,10,5,770.94,823.48
114,3,9,663.05,707.25
281,6,8,644.43,713.01
39,10,1,1143.11,1153.46
357,9,9,1051.01,1084.45
352,12,3,1108.74,1157.29
38,11,6,932.42,987.03
176,6,3,638.99,679.92
190,9,6,948.17,979.11
82,4,8,967.8,1023.01
111,5,5,467.96,526.2
273,12,7,800.36,853.93
177,11,1,1073.81,1126.38
23,2,3,704.52,762.52
197,5,3,1154.64,1207.14
277,10,12,734.54,787.15
69,4,8,527.62,599.8
161,1,1,673.71,731.59
299,3,6,1055.68,1077.07
142,10,3,1074.43,1085.62
169,5,2,520.95,590.79
209,3,8,1113.27,1165.55
300,6,12,1004.11,1058.1
185,7,3,863.88,881.21
83,1,11,666.53,705.36
278,8,1,1002.07,1014.05
45,8,5,1049.52,1112.19
262,1,7,727.83,788.16
325,2,12,596.51,648.17
158,1,9,667.39,685.75
195,11,7,1141.99,1199.04
150,1,1,1041.96,1059.41
260,5,6,1031.99,1074.52
290,2,12,1026.83,1070.6
319,11,1,580.73,634.48
26,11,12,804.25,829.55
149,3,7,1000.67,1027.38
236,11,5,457.79,531.05
84,4,3,453.76,484.87
193,2,3,1044.07,1099.62
157,9,9,675.83,707.67
363,1,3,439.58,488.07
161,1,2,723.75,778.5
51,12,3,1192.07,1226.72
16,9,7,738.25,810.35
297,4,2,643.14,667.84
126,5,3,677.81,731.27
61,9,2,1105.31,1156.85
291,2,2,963.04,1009.88
49,12,3,941.06,984.19
237,5,1,783.61,816.04
39,2,10,865.9,897.27
82,2,12,834.62,904.62
262,3,9,596.12,642.12
163,8,7,811.43,867.5
68,12,4,674.83,686.72
320,7,5,745.45,792.96
190,9,5,916.46,958.37
289,5,12,434.9,463.57
342,12,3,719.25,804.97
307,10,10,981.33,1044.71
52,9,12,459.89,517.76
22,12,1,512.43,563.67
199,6,2,925.22,957.12
29,5,4,741.13,802.8
37,9,10,699,738.19
251,9,9,863.7,901.99
228,4,1,759.28,819.96
117,1,9,599.27,615.88
196,1,7,687.54,738.25
113,3,4,803.4,814.15
130,4,9,790.73,833.3
254,5,11,672.7,715.81
130,1,1,1084.24,1149.33
115,5,6,1080.04,1131.48
102,1,4,708.66,744.55
229,10,4,1045.35,1060.64
233,5,2,795.82,851.83
176,11,3,420.53,479.51
271,3,4,447.53,489.22
21,1,4,944.53,989.39
296,8,4,1077.41,1145.06
282,1,3,1108.38,1169.33
334,7,2,734.45,786.29
155,2,3,1163.7,1206.1
352,11,1,462.21,521.92
150,12,6,606.08,624.65
97,2,10,477.71,525.68
321,3,12,437.98,469.68
152,1,6,422.97,494.94
148,3,5,1034.95,1070.45
183,2,8,859.67,895.34
286,10,9,965.11,1009.3
200,4,11,497.09,540.38
26,9,8,1128.35,1187.01
139,2,3,442.36,476.37
27,6,10,755.55,779.88
195,2,1,859.51,920.4
91,5,5,985.85,1034.87
320,3,7,1088.02,1144.73
194,7,3,1159.96,1207.33
244,9,7,573.71,604.53
94,3,6,1160.21,1210.43
150,5,7,526.85,563.78
37,2,4,439.19,490.45
250,7,5,497.46,573.82
29,2,2,1013.86,1067.56
283,1,5,763.55,776.24
310,6,2,695.48,750.36
47,1,10,579.35,606.15
60,8,6,898.8,941.07
88,9,9,508.68,558.65
315,11,4,640.33,701.19
171,9,6,838.61,884.56
291,11,10,886.95,917.92
286,1,11,748.62,795.92
155,8,6,954.35,1021.66
272,6,8,868,919.04
112,1,1,638.08,701.38
188,4,6,882.68,900.99
228,9,3,1084.14,1114.64
326,8,1,580.32,632.47
271,7,11,1135.19,1215.24
91,7,8,509.13,544.59
190,8,5,757.89,803.5
105,3,2,1137.06,1191.8
118,1,10,719.03,799.83
115,8,3,933.52,987.83
210,5,3,1135.28,1157.12
235,11,10,770.24,807.08
47,4,8,877.07,907.74
78,11,10,937.85,986.31
17,8,6,855.69,910.94
352,6,2,430.88,481.73
112,4,1,611.92,657.06
7,8,7,657.14,691.9
207,10,1,766.14,825.59
124,10,10,960.61,995.13
248,6,9,1189.39,1226.75
91,10,10,696.83,755.86
239,3,10,1058.07,1110.08
130,1,11,700.02,748.29
13,9,4,522.46,569.78
203,6,12,532.05,575.79
298,1,4,547.25,592.06
279,7,2,971.77,1019.44
338,7,10,462.42,480.67
364,2,8,1183.94,1258.82
41,6,12,709.96,735.67
330,4,10,606.76,627.16
329,10,10,740.59,770.67
3,3,7,662.72,675.99
121,10,2,1025.92,1084.58
263,2,8,903.82,925.82
322,8,6,1104.41,1155.19
106,2,5,678.82,718.06
99,10,11,933.86,1006.79
104,9,11,998.51,1019.25
217,9,1,849.45,890.97
52,11,1,522.99,566.8
13,11,6,487.92,540.37
362,12,6,1051.22,1091.26
188,7,4,790.31,823.5
213,2,4,815.43,884.56
75,6,1,573.37,623.79
249,12,7,680.8,703.52
262,11,1,669.82,718.12
88,9,8,615.47,678.55
90,1,10,1017.09,1060.11
253,5,8,440.45,491.89
22,8,4,1029.69,1079.57
342,1,10,1031.57,1086.5
327,9,2,1175.51,1214.97
180,9,11,1000.66,1058.98
290,9,5,1066.21,1130.64
221,10,9,741.41,798.23
329,1,7,728.7,768.9
273,12,3,936.56,981.43
145,12,6,1089.07,1148.82
249,4,3,1073.25,1106.62
117,3,12,1036.96,1072.23
260,9,6,1005.63,1036.27
121,4,12,691.18,745.44
38,2,5,770.05,822.45
176,4,8,985.58,1035.09
201,11,8,1146,1163.86
119,2,5,974.19,1039.07
1,12,7,973.78,1011.1
7,12,6,453.87,498.92
38,8,1,1065.62,1133.09
116,7,11,624.08,611.05
226,10,8,1017.68,1057.76
237,8,4,748.27,783.75
66,9,12,692.96,739.77
62,5,8,488.57,530.99
319,10,1,1143.98,1197.7
63,6,4,490.46,566.65
280,4,2,1045.42,1099.44
171,12,11,1061.7,1098.36
115,7,8,771.04,845.55
80,2,7,422.13,440.48
224,7,2,509.5,554.3
137,6,12,930.79,959.85
302,9,11,561.89,558.6
297,9,10,1046.64,1083.12
276,7,8,498.58,535.14
12,9,8,889.55,925.09
245,9,5,767.13,779.16
190,1,11,722.27,792.18
334,6,6,444.07,522.22
197,1,7,1009.26,1076.63
75,9,11,440.04,498.54
48,3,6,1036.66,1072.65
105,3,4,656.31,693.45
330,9,10,1096.37,1130.07
346,8,3,485.99,543.75
105,2,3,485.22,535.46
179,11,4,1069.75,1104.03
265,10,6,519.72,574.92
358,10,4,1103.88,1152.99
197,5,10,811.58,834.54
258,4,7,969.04,1034.36
185,5,10,995.44,1015.28
50,8,6,626.17,700.1
185,5,8,830.68,858.54
348,1,9,952.95,964.24
187,7,6,735.07,782.17
31,11,10,1124.99,1189.61
76,11,3,660.37,699.32
17,10,4,544.74,604.21
44,10,10,588.22,586.93
149,7,3,786.21,801.91
330,6,7,1072.67,1077.05
16,4,9,758.46,823.36
193,12,3,1190.97,1237.65
215,11,5,990.9,1026.81
275,10,1,716.94,759.41
274,5,12,1149.8,1216.31
50,3,6,1035.84,1095.08
48,4,11,905.82,974.78
221,10,7,1087.93,1134.09
182,7,6,1171.32,1230.57
135,6,5,798.13,795.64
123,4,9,784.46,800.74
69,7,11,1037.1,1087.5
237,5,11,1020.27,1072.6
214,7,9,649.32,708.07
177,2,7,675.61,728.39
318,11,4,997.58,1045.56
307,7,6,872.4,924.24
303,9,1,708.4,724.93
4,12,11,1173.29,1198.06
168,6,2,456.37,516.45
256,3,3,499.3,537.73
349,7,5,513.12,550.57
344,10,3,655.79,677.3
331,2,9,647.35,692.44
360,1,6,1133.5,1200.8
240,1,9,1135.38,1150.61
346,11,8,902.57,962.87
357,8,5,1142.05,1190.45
358,10,11,981.9,1029.94
359,1,4,875.79,948.41
141,12,2,704.05,728.87
298,6,9,957.69,1015.34
268,12,6,948.59,1003.6
349,10,3,557.99,568.9
279,11,8,924.98,974.62
24,8,4,434.69,484.33
209,7,6,793.43,833.12
311,2,10,762.57,800.41
32,10,3,932.04,992.49
167,8,9,799.95,843.59
277,6,3,872.89,934.13
29,9,11,753.93,798.59
162,1,12,490.82,505.46
9,8,1,546.89,567.05
314,3,6,755.42,811.99
81,8,2,488.99,481.55
137,2,5,937.14,939.65
332,4,10,699.73,765.39
97,12,9,856.78,910.61
170,5,3,1108.38,1183.03
341,4,3,860.1,868.11
115,11,2,1169.07,1222.18
297,2,2,889.77,913.82
38,3,12,590.87,643.89
70,12,8,709.88,719.29
291,9,12,1006.95,1028.03
179,5,11,1180.67,1245.56
68,6,6,1118.16,1141.16
181,12,2,1070.85,1139.15
319,7,12,536.79,601.04
163,4,2,810.34,850.67
7,1,11,829.89,895
306,4,12,1022.93,1090.43
311,11,2,875.17,922.99
91,3,8,859.29,896.57
249,3,7,979.32,995.69
347,1,1,487.93,510.36
76,10,5,1133.69,1129.24
207,7,2,538.75,591.18
296,10,10,476.58,527.7
57,11,9,984.88,1040.82
287,9,11,1043.5,1112.95
293,2,8,913.13,919.93
305,1,10,927.35,935.58
302,8,1,700.43,724.6
364,3,2,658.37,724.58
282,12,12,606.22,687.16
77,8,9,868.12,898.46
9,2,11,794.27,834.65
239,3,5,1195.29,1227.41
94,4,12,1034.39,1100.47
306,6,7,821.38,865.23
300,2,2,558.44,627.31
260,8,3,541.77,579.64
269,7,11,910.37,956.38
214,3,6,493.93,545.77
279,10,5,817.94,864.48
30,8,9,471.25,526.53
311,2,11,738.88,761.76
62,9,5,593.73,652.85
208,2,12,597.9,654.98
355,9,5,1199.88,1229.18
336,7,4,697.33,747.15
177,3,7,712.33,780.25
45,8,5,698.7,745.96
4,9,6,1158.22,1187.36
95,1,12,863.77,911.31
220,1,11,489.07,554.97
110,7,7,1105.53,1148.91
184,9,1,1141.2,1193.29
209,12,12,1050.71,1109.22
215,11,9,615.68,646.01
15,9,7,1092.66,1161.92
232,3,1,525.63,548.9
3,4,8,1104.34,1135.07
185,2,10,586.38,576.78
298,5,2,1130.64,1181.51
221,5,9,738.81,778.51
53,8,3,739.62,794.97
93,6,9,542.03,588.94
107,10,1,760.73,807.55
251,8,12,1055.89,1103.77
74,6,6,565.66,602.99
25,12,6,1016.01,1075.34
132,9,3,657.81,683.99
178,10,7,1173.31,1195.58
333,7,10,638.96,658.74
39,6,10,908.08,910.57
53,4,7,1024.97,1080.57
255,6,9,843.77,896.07
257,8,6,452.19,510.44
353,10,4,902.5,956
139,6,8,444.98,468.83
170,10,9,798.3,846.95
116,10,4,863.11,869.19
271,1,7,1093.4,1133.96
344,3,3,1148.22,1164.89
266,6,11,974.18,1042.8
177,7,9,920.21,987.99
335,5,4,1089.78,1130.09
191,12,2,928.11,977.18
225,1,7,1119.49,1179.13
36,5,8,729.58,797.42
284,11,12,868.04,938.15
184,10,8,664.61,742.25
288,5,3,1199.69,1245.39
206,5,5,560.27,606.4
59,12,3,869.37,930.79
262,2,8,676.26,729.25
66,4,6,577.82,620.63
361,11,3,1076.69,1129.68
161,11,4,627.25,689.94
72,5,1,993.69,1032
324,4,3,559.69,603.21
10,10,6,909.96,937.72
239,5,7,569.28,627.51
107,6,10,1028.08,1060.77
273,10,4,997.7,1046.33
156,5,6,1096.32,1125.68
135,5,2,1094.9,1110.91
83,10,7,796.35,842.66
341,6,2,448.23,479.78
246,11,6,874.12,925.1
221,3,12,728.1,782.68
173,9,12,555.37,596.49
193,6,6,626.14,659.68
231,11,3,1114.37,1159.21
311,1,11,608.22,624.78
204,12,3,638.57,674.81
247,11,3,573.32,636.74
342,1,8,914.67,965.81
31,10,10,891.98,962.12
9,4,9,1002.53,1042.19
140,7,3,926.68,990.57
40,12,6,542.68,589.56
344,2,12,871.77,868.78
328,10,3,719.33,748.37
262,12,3,1021.1,1071.62
337,3,8,880.33,938.09
250,12,7,962.76,1004.26
348,9,2,1134.91,1173.7
89,3,4,852.25,932.51
321,8,7,548.6,607.81
338,12,5,464.39,509.3
333,7,8,856.89,886.65
187,10,2,1164.48,1216.98
217,6,4,1018.54,1041.69
119,12,2,1143.45,1191.09
136,4,5,462.5,502.79
6,10,9,775.28,807.48
233,10,1,547.35,621.18
280,8,8,1072.33,1105.91
121,8,3,592.46,681.16
169,4,4,703.01,745.56
316,4,8,806.73,851.1
319,7,12,1125.82,1166.27
158,2,11,1161.88,1187.01
3,9,1,456.78,475.43
182,9,2,499.29,543.43
313,10,7,529.79,582.78
43,7,8,1003.27,1060.42
364,6,12,511.94,548.66
136,12,2,1102.16,1149.58
347,9,6,928.56,996.63
294,3,10,500.55,541.21
36,8,10,517.18,562.57
78,8,3,1158.13,1217.21
350,7,3,956.24,1006.13
347,8,1,797.02,838.85
294,9,4,1153.31,1224.72
79,9,3,954.74,1007.1
361,1,8,639.54,690.89
117,6,9,807.62,815.76
219,8,9,1189.68,1238.62
299,10,4,1001.93,1015.72
128,1,4,672.75,703.02
16,4,8,827.1,865.48
321,4,10,519.86,552.9
309,6,12,1164.4,1189.06
139,10,10,1098.66,1124.29
71,1,6,1188.67,1242.68
339,7,8,666.62,697.92
215,6,10,1145.32,1176.87
162,11,12,1045,1092.21
104,4,11,887.15,934.59
155,4,11,843.12,915.13
62,12,7,822.4,876.52
150,7,8,536.69,563.8
341,6,9,613.02,624.17
13,6,1,708.65,752.67
90,7,4,978.08,1022.01
341,7,10,987.47,1005.69
191,7,10,601.24,616.93
9,4,9,705.94,739.61
11,5,9,973.97,986.12
284,12,4,462.2,513.8
67,7,4,947.04,1004.24
238,4,12,482.59,515.29
236,1,5,553.86,603.86
348,5,1,573.51,600.68
151,8,12,739.58,791.1
13,11,12,929.27,976.25
180,10,10,895.71,974.31
175,4,3,1062.22,1124.9
239,9,3,508.03,574.38
18,2,11,917.3,988.82
334,9,2,913.68,969.57
346,2,12,821.3,857.05
122,2,6,630.24,643.55
213,7,5,1128.65,1182.55
120,1,9,494.91,552.34
118,7,11,808.24,831.29
318,5,1,469.86,514.48
136,2,7,1050.41,1092.56
136,10,4,978.25,1041.66
143,11,2,979.03,1056.85
358,1,8,1031.98,1102.9
163,3,10,708.63,771.57
365,5,12,1151.36,1202.6
179,7,3,424.77,491.55
338,3,2,519.53,591.26
71,7,3,1162.89,1198.32
30,5,4,1065.96,1128.77
65,2,1,1040.35,1102.57
27,2,6,668.32,695.72
18,1,11,706.55,749.94
315,9,5,869.05,934.59
182,10,3,613.71,665.5
50,11,7,757.73,820.44
208,3,8,1136.83,1172.29
84,6,3,665.44,717.16
74,1,9,704,746.2
352,6,10,873.85,926.91
167,12,2,765.82,810.97
305,7,7,601.6,652.66
146,2,8,546.13,563.47
320,7,11,490.43,532.77
251,10,4,808.26,831.94
333,8,11,916.28,916.12
237,11,10,1195.67,1254.64
168,7,5,736.44,784.64
83,2,2,1078.54,1119.76
346,1,1,669.1,734.45
145,12,2,1125.31,1176.89
165,7,12,915.64,941.65
169,2,3,543.37,582.66
298,5,8,707.71,774.45
241,5,11,1054.04,1123.46
96,2,1,476.3,509.17
309,12,12,814.42,859.75
141,6,2,1160.89,1186.95
203,12,2,717.3,774.03
356,4,3,752.45,773.21
254,10,1,965.34,1017.72
302,4,1,1132.63,1134
86,12,12,1106.3,1142.35
296,7,7,1171.67,1202.85
355,6,10,710.83,719.14
120,11,6,757.88,827.8
37,5,7,542.22,600.5
195,7,3,464.93,501.79
317,1,4,1045.53,1101.99
327,8,5,921.02,954.79
146,9,7,802.27,811.18
123,6,8,584.81,581
78,11,3,696.72,757.34
70,8,8,1035.63,1070.02
148,7,10,921.48,948.14
356,11,2,446.43,477
317,10,7,553.58,613.08
62,9,10,926.88,966.64
15,2,2,872.25,943.07
52,11,10,949.85,1009.64
349,8,12,726.69,734.51
192,11,2,1145.76,1160.4
85,3,7,977.63,1034.65
325,12,5,1099.85,1132.33
286,11,8,1077.63,1127.88
188,6,12,545.72,588.87
297,5,1,1107.27,1135.41
261,10,12,683.62,726.69
353,8,12,1195.6,1230.89
224,8,12,449.48,503.36
362,7,1,471.67,490.52
360,11,6,740.37,794.9
96,12,11,1194.61,1209.71
235,5,4,653.56,657.53
165,10,12,652.78,734.26
170,7,10,946.7,1010.63
132,9,9,805.48,848.03
55,5,12,995.72,1048.24
285,9,4,964.12,1022.82
130,7,4,901.69,959.08
69,11,12,983.15,1034.58
82,1,9,779.95,848
144,10,3,1136.27,1207.74
338,8,9,1087.01,1142.79
245,10,10,463.21,478.45
117,11,7,885.16,887.88
229,12,11,677.89,707.22
196,7,9,709.74,778.65
337,12,12,687.4,747.55
223,2,6,703.21,735.98
203,4,3,1039.05,1088.48
192,9,5,788.42,817.13
131,4,8,1115.86,1135.23
339,3,6,759.61,777.67
47,5,9,540.19,587.03
44,10,9,981.3,1012.63
1,7,9,639.28,667.43
89,4,10,1009.78,1053.1
62,4,3,779.06,835.33
109,11,3,1182.49,1233.67
72,9,4,1128.79,1195.05
94,9,10,915.68,978.46
81,12,9,520.33,539.08
277,6,1,1172.38,1240.23
313,3,12,984.12,1044.48
278,9,6,921.67,939.8
163,11,3,606.11,647.68
94,5,4,838.67,893.37
127,1,8,946.49,1010.77
7,10,2,907.89,959.99
305,6,10,944.2,951.17
72,7,7,646.39,694.57
64,12,5,603.05,654
106,9,8,1109.48,1142.99
323,2,6,881.13,928.58
44,1,1,755.9,786.66
309,1,11,757.09,793.33
288,5,10,934.46,1008.65
312,5,1,862.31,908.54
7,1,11,572.23,620.72
343,9,11,624.76,652.78
212,5,7,707.99,765.83
186,11,7,893.15,925.3
132,2,6,789.78,821.73
95,5,3,1188.78,1247.18
305,7,4,664.01,686.7
336,6,4,650.11,715.86
